,Thrust,Torque
0,0.2504632400911133,0.0
1,0.2516210398233646,0.0005785007741812902
2,0.2516254916224397,0.0005786905574720473
3,0.2516207265148903,0.0005784670265622639
4,0.2516238024312756,0.0005785223585569049
5,0.2516252303585356,0.0005785349301633103
6,0.25162520465237087,0.0005784010832989908
7,0.2516261476310968,0.0001444059338168478
8,0.25162635887106893,-0.0005363980134029437
9,0.2516263746933029,-0.0005288883645262405
10,0.25162439374391443,-0.0005552178746129759
11,0.2516260951215036,-0.0005324202806209715
12,0.2516260051322587,-0.0005264809928972323
13,0.2516256929920691,-0.0005608008111617585
14,0.2516262383935954,-0.0005226783154483012
15,0.25162507005062207,-0.0005081024848159125
16,0.2516262421689785,-0.000522669049854622
17,0.2516258595926656,-0.0005052876588332732
18,0.25162498292757934,-0.00046033891921496816
19,0.25162388947237,-0.0004894378653216629
20,0.2516226489647693,-0.0004595874343147975
21,0.2516257168468442,-0.00035708974374477627
22,0.25162369823507563,-0.00046786703081134063
23,0.25161623294003604,-0.00027046853301716106
24,0.24009999487531494,-0.0004358967821167487
25,0.22179863514749631,-0.0003167400751869773
26,0.20512925725074793,-0.00019947512615622496
27,0.18819735758740327,0.00023306015577148132
28,0.17302993789099916,0.00017897677650507271
29,0.1598670089212405,0.0003178103169061898
30,0.14815243285374247,0.0002777879091089533
31,0.13818569942684536,0.00028477860013181096
32,0.12942895303230573,0.0005761830873339266
33,0.12098325072494112,0.0005785997033461078
34,0.11371853152470449,0.0005786317059963991
35,0.10694371525618714,0.0005782330452192184
36,0.09944668400999329,0.0005782299284973698
37,0.09241210846721426,0.000578721523167818
38,0.08615068528502991,0.0005784314998049615
39,0.07929541784546132,0.0005786566478695462
40,0.07331285798581355,0.0005785180190070383
41,0.07024659666528224,0.0005786772646346645
42,0.06917622606203522,0.0005786985606722492
43,0.07025052798950263,0.0005786493570150769
44,0.072114359564847,0.0005786839346970269
45,0.07568023034390621,0.0005786977614984789
46,0.08019599049940557,0.0005787051261156897
47,0.08541339453796166,0.0005786757779654513
48,0.09258815079772703,0.0005786893768679282
49,0.0991602115630636,0.0005786981103746326
50,0.10817689118001665,0.0005785868512435183
51,0.11789234968493784,0.000246494088661033
52,0.1266203750193193,-0.00031824543303203995
53,0.13475005373659135,-0.00042773204600372676
54,0.1424584476519396,-0.00037546140099554596
55,0.14751096622485413,-0.0004740619403078541
56,0.15168316126147463,-0.00046050952122173483
57,0.1541212522072256,-0.00047713795637941044
58,0.15512964163109672,-0.0004597617667631125
59,0.15485066359477237,-0.0005782143195061202
60,0.15412196894953575,-0.0005763246464475943
61,0.15226190798236414,-0.0005748857727223333
62,0.14947561735954448,-0.0005785062900226214
63,0.145737588252483,-0.00054507481874851
64,0.14109194835220903,-0.000531233514569344
65,0.13650660077117685,-0.0005781923397577157
66,0.1318587719018545,-0.0005478255483760666
67,0.12621466345252108,-2.2039563838655843e-05
68,0.11979382917685297,-0.00047669923531797596
69,0.11512241028833897,0.00013643372306673565
70,0.10895740149665892,8.864140002762431e-05
71,0.10339152925327463,0.00038495843481608746
72,0.09770341754028761,0.000574670628565094
73,0.09239372766124276,0.0005640618831159966
74,0.08800604245616356,0.0005785995836603665
75,0.08416937943491148,0.0005783430452481318
76,0.08116571162701534,0.0005786622644515009
77,0.07847140648685369,0.0005785797759814718
78,0.07813820765687943,0.0005784644293094318
79,0.07905631178722934,0.0005780671595310296
80,0.08091789909372206,0.00034385935859818073
81,0.08498401254878561,0.00017999047013771542
82,0.09024234558736029,0.00010859400829779458
83,0.09577432110173394,-1.5097575366868564e-05
84,0.10143516515176734,2.398960012158859e-06
85,0.10639798469199199,-4.2855685585789795e-05
86,0.11093124476850721,-5.920834664823553e-05
87,0.11489761661024339,-8.02961140134183e-05
88,0.1183195171438386,-9.402873434784377e-05
89,0.12118037370790968,-0.00010029500754675695
90,0.12345046164552663,-9.164796330839774e-05
91,0.12484731368134522,5.9341950008367e-06
92,0.125451854171984,-4.120979457949941e-05
93,0.12618023176288454,-0.00010843154685449817
94,0.12682104175935954,-4.164821363434702e-05
95,0.12691557012006768,-6.86098861543016e-05
96,0.1269050715094129,-8.543623428019031e-05
97,0.12673742069910668,-4.943578106311e-05
98,0.12603264209533266,1.2717148791265896e-05
99,0.12481341951842655,5.644351880971048e-05
100,0.12343580493079177,5.8407260413461606e-05
101,0.12226343055053489,3.0559543165332844e-05
102,0.12139674201415387,2.2340864820848472e-05
103,0.12061447063696788,4.3068807826405e-05
104,0.11978254802322963,5.4506444013549936e-05
105,0.1189496579299433,7.085998782632269e-05
106,0.11812461007892368,8.348218588094278e-05
107,0.11734810438774927,9.294422945719974e-05
108,0.11665963155298772,9.70810326682613e-05
109,0.11611027435342246,9.326656543333885e-05
110,0.11577621532220121,7.344149431260414e-05
111,0.11566458622940012,6.727088019281016e-05
112,0.11565907127292382,6.64009859713324e-05
113,0.11567752253442333,6.908587692682196e-05
114,0.11558137770658523,0.00011141717604661017
115,0.11529496157156882,0.00012286415663678864
116,0.115048870828577,0.00012042496333641429
117,0.11493910648845662,0.00011669973486859088
118,0.11496491112768674,0.00010160592999138045
119,0.11514949286957113,9.594168963637572e-05
120,0.11543142935571109,8.093418755161924e-05
121,0.11580491671597723,7.712380268373247e-05
122,0.11619701425833136,6.95826788994593e-05
123,0.11660679465135777,6.35805185730508e-05
124,0.11701449805207036,5.809572240659492e-05
125,0.11740705319511248,4.9636033556827134e-05
126,0.117794366675974,2.7094084200627124e-05
127,0.11820001586487464,5.377166127264643e-05
128,0.11842111400560872,3.0139560044281215e-05
129,0.11868506652637772,1.424805393318075e-05
130,0.1189287051926227,4.60336884265031e-05
131,0.11896695241044117,8.62491634924034e-06
132,0.1190841430181426,4.671642878632597e-05
133,0.1189868041803046,9.210732930759448e-06
134,0.11898730964794531,4.989461916487937e-05
135,0.11877119957479251,2.823738325867832e-05
136,0.1186172434429387,3.5208067819983115e-05
137,0.11841467664342467,3.555806207411669e-05
138,0.1181882223332195,3.899300727333243e-05
139,0.11793488212759222,4.15488664252998e-05
140,0.11766593155122733,4.463296159720814e-05
141,0.1173872682596462,4.734666275696069e-05
142,0.11710762791820939,4.985926933514316e-05
143,0.1168341759090688,5.197884933388819e-05
144,0.1165735134167042,5.353779450747442e-05
145,0.11633184859098672,5.4899342812172743e-05
146,0.11611226415131945,5.583412330508286e-05
147,0.11591781092507822,5.6409015053976845e-05
148,0.11575026149697876,5.6617263998476986e-05
149,0.11561044553777859,5.6507723958878746e-05
150,0.11549815956562647,5.611666838516935e-05
151,0.11541236475118356,5.549420340719092e-05
152,0.1153512841328672,5.4673499376999005e-05
153,0.11531268464335862,5.3628088717723525e-05
154,0.11529417080496085,5.264063135930293e-05
155,0.11529197541902952,5.159881748469427e-05
156,0.11530298231293273,5.0593345755878594e-05
157,0.11532393956505206,4.96457473010909e-05
158,0.11535178398574916,4.879642906923465e-05
159,0.11538364602077678,4.806798721273441e-05
160,0.11541697067146747,4.747885094115404e-05
161,0.11544956528230824,4.703796449351529e-05
162,0.1154796451428992,4.6747520614270286e-05
163,0.11550584649539741,4.659984939898934e-05
164,0.11552723479904389,4.659754320421129e-05
165,0.11554323327694836,4.671560224695631e-05
166,0.11555368359639413,4.6939559786759196e-05
167,0.11555873803693,4.725106447234733e-05
168,0.11555881184636858,4.7631577128224054e-05
169,0.1155545295343776,4.80157928292302e-05
170,0.11554681882510152,4.8509730415647215e-05
171,0.11553619182669217,4.900133998179351e-05
172,0.11552367918707762,4.948524828674107e-05
173,0.11551033156365072,4.9891666086933345e-05
174,0.11549731975226855,5.032397522808694e-05
175,0.11548519314541054,5.0707183155338295e-05
176,0.11547472103987014,5.1045560503045734e-05
177,0.11546653915932215,5.132622371140364e-05
178,0.11546117836847956,5.1553971166585945e-05
179,0.11545899666153937,5.1725163192204186e-05
180,0.11546022457855047,5.184225561222034e-05
181,0.1154649525239749,5.190876912844518e-05
182,0.11547314098114923,5.192994619369641e-05
183,0.11548463288221807,5.191189951686597e-05
184,0.11549917111225588,5.186177196712802e-05
185,0.11551641717403309,5.1785575478518266e-05
186,0.11553597552209963,5.169081209650365e-05
187,0.11555740846448702,5.15841054292388e-05
188,0.11558025821936588,5.14715436083108e-05
189,0.11560406554285521,5.1358460062213266e-05
190,0.11562838630371834,5.124934436186997e-05
191,0.11567118398739665,2.7973169301795624e-05
192,0.11578468004397677,7.135434649655425e-05
193,0.11570019399761772,3.450284546595768e-05
194,0.11576380143133073,7.418159955976635e-05
195,0.1156731778806968,3.4270505496199256e-05
196,0.1157518012624541,7.178527011094388e-05
197,0.11568242924479036,3.831915293466838e-05
198,0.11575628323860017,6.513219864774722e-05
199,0.11571970233186281,4.814139604213771e-05
200,0.11576264738916492,5.258736844954775e-05
201,0.11579001935668713,5.0286435787119355e-05
202,0.11583492653089138,4.7587388967415226e-05
203,0.11588003485329641,4.9821561899159135e-05
204,0.11590595026717244,4.963278598707734e-05
205,0.11591478218235271,5.233511230091518e-05
206,0.11591811562586239,4.9535552425525686e-05
207,0.1159352404645649,5.010837571014899e-05
208,0.11594794723133427,5.014811151575249e-05
209,0.11595751011770011,5.033451008581699e-05
210,0.11596421212806235,5.0465834411514044e-05
211,0.11596897007261832,5.05840175642014e-05
212,0.11597258519212554,5.066074816422761e-05
213,0.11597604107492955,5.066178348831721e-05
214,0.11598082850836866,5.047668262148365e-05
215,0.11598252017081735,5.12784624003384e-05
216,0.11598054506194513,5.111868407160288e-05
217,0.11597969061280165,5.107960489843745e-05
218,0.11597974270156061,5.120345348139753e-05
219,0.11598014675288996,5.121919147922888e-05
220,0.11598140117806376,5.130870199816405e-05
221,0.11598199574999049,5.190358185450338e-05
222,0.11598073568271415,5.197495390973743e-05
223,0.11598088550664655,5.204277739839097e-05
224,0.11598237748353854,5.2236023694927205e-05
225,0.11598548378946731,5.2011633827741364e-05
226,0.11599182583713075,5.19634326098229e-05
227,0.11600022992730707,5.1857151679724894e-05
228,0.11601044623505286,5.179521506985259e-05
229,0.11602191563090465,5.1735306005767124e-05
230,0.11603430600343706,5.1692534668123095e-05
231,0.11604729383218532,5.165912949517406e-05
232,0.1160606417016663,5.1634882986973815e-05
233,0.11607416527675439,5.161583040104948e-05
234,0.11609476676304542,5.237774320698433e-05
235,0.11610335642391734,5.2009243175109535e-05
236,0.11611245621202505,5.262064632656353e-05
237,0.11611957457266575,5.252553702735881e-05
238,0.11612944749173847,5.2009259920653776e-05
239,0.1161444030826008,5.131566189739531e-05
240,0.11616365513847741,5.093342231925526e-05
241,0.11618416366569324,5.0697488591030196e-05
242,0.11620449881373299,5.0412878269280176e-05
243,0.11622445674969686,5.016092056133777e-05
244,0.11624355981508104,4.988911529582332e-05
245,0.11626157278165744,4.977152689674867e-05
246,0.11627756463918175,4.967734012793622e-05
247,0.11629139642244077,4.9644397756152784e-05
248,0.11630292818412624,4.964665691879235e-05
249,0.11631223955179643,4.967822378579846e-05
250,0.1163195070243983,4.973930765362157e-05
251,0.11632494525896139,4.982798424782576e-05
252,0.11632880883437328,4.9937621889473694e-05
253,0.1163313785143901,4.9978912309253684e-05
254,0.11633339705034651,5.011475719334428e-05
255,0.11633474559497278,5.026434639478128e-05
256,0.1163357164183858,5.041293348208551e-05
257,0.1163367753152703,5.064302026782552e-05
258,0.11633786045461852,5.0763650716603466e-05
259,0.11633982560847882,5.075024795464554e-05
260,0.1163434843355422,5.0876149157996384e-05
261,0.11634824346196591,5.092580797472896e-05
262,0.11635450239530798,5.1032588785593294e-05
263,0.11636206380613816,5.109870433650067e-05
264,0.11637115761184542,5.115782814076167e-05
265,0.11638183491048593,5.1199329901879634e-05
266,0.11639413898709043,5.1229790218852464e-05
267,0.11640804709882775,5.12522187883161e-05
268,0.11642349702698558,5.124436529565416e-05
269,0.11644051615682527,5.1189946644950966e-05
270,0.11645913348443716,5.117483128979072e-05
271,0.1164815053543327,4.616050352535301e-05
272,0.11652088047030201,5.7469743023856555e-05
273,0.11650695409196687,4.847847544661299e-05
274,0.11654107202941495,5.072431021761367e-05
275,0.11656451667643804,5.2378163970828105e-05
276,0.11657701368970581,5.3113371105948656e-05
277,0.11658796694287377,5.2922869689219924e-05
278,0.11660742605920096,5.03602400330898e-05
279,0.1166431091218824,5.031554912581254e-05
280,0.11667852319461916,5.034402152894241e-05
281,0.11671158830383001,5.032022392358436e-05
282,0.11674162543517162,5.0962218065218854e-05
283,0.1167688937783728,4.980032946339123e-05
284,0.11680057910948215,4.977251003462664e-05
285,0.11683118769729176,4.927074210310538e-05
286,0.11685953720206423,5.075215557570379e-05
287,0.11688062938642607,4.910571057580661e-05
288,0.11690391415780113,5.2304770817681256e-05
289,0.11691558381425256,4.87218073699682e-05
290,0.11693853314802077,5.362800048303201e-05
291,0.11694417009987715,4.878159779996633e-05
292,0.11696847504229134,5.391818583909725e-05
293,0.1169736101674112,4.932622377175133e-05
294,0.11699918129848358,5.385147316849435e-05
295,0.11700665483623379,4.991943395289812e-05
296,0.11703335286193996,5.3246003606997626e-05
297,0.11704691700325037,5.0914716963096674e-05
298,0.11707269826625066,5.251892803301697e-05
299,0.11709301196718018,5.1514670275938555e-05
300,0.11711554290428192,6.106568165827858e-05
301,0.11710314105015468,4.945945005855487e-05
302,0.11715337614823514,5.128717371454703e-05
303,0.11719852686351684,5.0169232430190045e-05
304,0.11724521360763038,5.035015026453698e-05
305,0.11728799596647521,5.013992013620017e-05
306,0.11732821951092029,5.01182538880042e-05
307,0.11736523700443247,5.008518506947163e-05
308,0.11739921808465228,5.0103424564541236e-05
309,0.11743018929438125,5.014912644203208e-05
310,0.11745833397828598,5.0224386698861475e-05
311,0.11748388999850877,5.0320088414527875e-05
312,0.11750717112360433,5.043079315831778e-05
313,0.11752853351722493,5.054990144838685e-05
314,0.11754836250850417,5.067449787256044e-05
315,0.11756704185044811,5.0797911880261345e-05
316,0.11758495885151976,5.091655566598272e-05
317,0.11760248046182946,5.1026935365974713e-05
318,0.11761994494088349,5.112642948769924e-05
319,0.1176376552415935,5.1207901091175905e-05
320,0.11765589190498732,5.127656457994988e-05
321,0.11767485332639596,5.1336375241982416e-05
322,0.11769467227477398,5.138074934381479e-05
323,0.11771547198882845,5.141099726054695e-05
324,0.11773733005358887,5.142752976320947e-05
325,0.1177602835760371,5.143168296528164e-05
326,0.1177843310073544,5.142485606940471e-05
327,0.11780943778958845,5.140870063847628e-05
328,0.11783554148838139,5.138494688996572e-05
329,0.11786255753594191,5.135536176236312e-05
330,0.11789038489872282,5.1321674048872374e-05
331,0.11791891161494719,5.128552278638346e-05
332,0.11794802009831627,5.12481377701515e-05
333,0.11797759298226881,5.121078787797812e-05
334,0.11800751650653017,5.117473309110323e-05
335,0.118037681882021,5.114143790926239e-05
336,0.11806798637689046,5.111169810632578e-05
337,0.11809977514857074,4.45619594709472e-05
338,0.11815587931918954,5.36086440675734e-05
339,0.11816598883213715,5.143790601228004e-05
340,0.11818568663302963,5.218317030774069e-05
341,0.11820522386458042,5.190156700538218e-05
342,0.11822821918858364,5.192767415507594e-05
343,0.1182532807848427,5.182923908494806e-05
344,0.11828056127779907,5.17554866979819e-05
345,0.11830965058231276,5.166299982777942e-05
346,0.11834029252651887,5.157125822702608e-05
347,0.11837216804691496,5.1478640556226284e-05
348,0.11840497965553745,5.139007650891605e-05
349,0.11843843658545795,5.1307762563976755e-05
350,0.11847227084435409,5.1233930626421556e-05
351,0.1185062415593093,5.117010623170467e-05
352,0.11854014009463,5.111735480396984e-05
353,0.11857379271373142,5.1076209621773854e-05
354,0.11860706210810006,5.104672606904956e-05
355,0.11863978018674257,5.105905028979107e-05
356,0.11867181759660185,5.1053244210162645e-05
357,0.11870331891172552,5.1049883392836724e-05
358,0.11873432932574317,5.1052021366077024e-05
359,0.11876487197268062,5.105970194354198e-05
360,0.11879497852111079,5.10716782434569e-05
361,0.11882469532484473,5.108675579194123e-05
362,0.11885408019080104,5.1103704431891184e-05
363,0.11888319886079594,5.1121401439026986e-05
364,0.11891212124104096,5.1138841136229737e-05
365,0.1189409180482984,5.115516464069992e-05
366,0.11896965788700078,5.11696689524406e-05
367,0.11899840485382286,5.1181810704997834e-05
368,0.11902721668419343,5.1191201904228937e-05
369,0.11905614343945149,5.119760042758996e-05
370,0.11908522670685559,5.120089631887891e-05
371,0.11911449926790683,5.120109520712771e-05
372,0.11914398517924003,5.1198299906285976e-05
373,0.11917370020330535,5.1192691007882425e-05
374,0.11920364234700154,5.118394675733005e-05
375,0.1192338212023001,5.117327950445635e-05
376,0.11926423576868352,5.116072335340556e-05
377,0.1192948775746771,5.114638739711577e-05
378,0.11932573527333976,5.113056610051653e-05
379,0.11935679562350403,5.111346721354981e-05
380,0.11938804498511883,5.109521474177697e-05
381,0.11941947080563299,5.107579677395947e-05
382,0.11945132055815195,5.082978733977064e-05
383,0.1194842879479342,5.0815251017239506e-05
384,0.1195171929635497,5.0662957632728816e-05
385,0.11954991007762059,5.098020113268434e-05
386,0.11958143549749724,5.0425019004621315e-05
387,0.11961381467283114,5.145672823781938e-05
388,0.11964331459290031,4.992167535855247e-05
389,0.11967705645295812,5.186738511605273e-05
390,0.11970448709260982,4.9819595242065854e-05
391,0.11973866332303339,5.181639816395875e-05
392,0.11976609222427123,4.9960411752508726e-05
393,0.11980042629869596,5.147734980568116e-05
394,0.11982913050202833,5.038594959016602e-05
395,0.11986262637517056,5.079907096400913e-05
396,0.11989463209457861,5.055486225012226e-05
397,0.11992795861806187,5.0343449503621264e-05
398,0.11996222441716611,5.027737521892232e-05
399,0.11999616227456948,5.035256613828071e-05
400,0.12002894576102081,5.046854823285551e-05
401,0.12006050619024405,5.061785921425672e-05
402,0.12009095693627217,5.078658715486837e-05
403,0.12012052469814136,5.096539964439733e-05
404,0.12014950021763446,5.1145008720032555e-05
405,0.1201779595330615,5.156827106341609e-05
406,0.12020701256833922,5.02867003233917e-05
407,0.12023457108974632,5.686951444032429e-05
408,0.12024911070171969,4.5493991026986094e-05
409,0.12030918081620141,5.327892298629865e-05
410,0.12033615247575344,5.0859084021339354e-05
411,0.12037336553974107,5.012017464790732e-05
412,0.12041476630109654,5.03112700740068e-05
413,0.12045339870793392,5.079840820090034e-05
414,0.12048798286977602,5.1373676628165055e-05
415,0.12051923290025789,5.19808192158666e-05
416,0.1205483837927564,5.2080434895723806e-05
417,0.12057867435896737,5.2139944160936334e-05
418,0.1206106311397069,5.214538979563766e-05
419,0.12064440466359601,5.21046122386293e-05
420,0.12068000130528665,5.204755256396217e-05
421,0.12071720600958225,5.200099027533737e-05
422,0.1207556740136596,5.194184649157199e-05
423,0.12079518382191656,5.187357189764429e-05
424,0.12083551497436709,5.179808419790233e-05
425,0.12087644127806561,5.1719675231413925e-05
426,0.12090983075497769,5.577680620195849e-05
427,0.12093355892511833,5.0849435235486784e-05
428,0.12098409809254135,5.1362488040496044e-05
429,0.1210332990082106,5.0873135204835506e-05
430,0.12108233030761018,5.0856192083052666e-05
431,0.12112914890152503,5.0746404419871186e-05
432,0.12117396352820795,5.066377068567894e-05
433,0.12121692502629433,5.027752464398726e-05
434,0.1212590400481887,5.0340318261594646e-05
435,0.12129817619450348,5.037213962908923e-05
436,0.12133457768710279,5.044938225087522e-05
437,0.12136843356524678,5.0534513733416106e-05
438,0.12140006575365264,5.062319177384612e-05
439,0.12142987045211294,5.0734140823418863e-05
440,0.12145814175726719,5.085107821099273e-05
441,0.12148532466515027,5.087465298357638e-05
442,0.12151216649477556,5.088276437979335e-05
443,0.121538867178714,5.094873709527037e-05
444,0.12156525067226223,5.1070165486332046e-05
445,0.12159124787665242,5.117608007121922e-05
446,0.12161716238279799,5.126666265620292e-05
447,0.12164328760204617,5.133908928675832e-05
448,0.12166986530099302,5.139689792489312e-05
449,0.1216970553510261,5.144684843604579e-05
450,0.1217249226947721,5.150058390885024e-05
451,0.12175350829339453,5.151297902974795e-05
452,0.1217830228440206,5.150126397236615e-05
453,0.12181362494390066,5.1406525769913116e-05
454,0.1218460078970285,5.1004495963894636e-05
455,0.121880939164348,5.088183974873722e-05
456,0.12191144569209354,5.4894288890429516e-05
457,0.1219294959321266,5.054291234944751e-05
458,0.12197081186396755,5.011129921051214e-05
459,0.12201429096952549,5.0800666703753675e-05
460,0.12205177388062034,5.118105318300078e-05
461,0.12209007872867883,4.649337294396045e-05
462,0.12214291782657465,5.194154551687009e-05
463,0.12216739679007055,5.1400563859001864e-05
464,0.12219228472103451,5.195462906215964e-05
465,0.12221639803586902,5.195010087445876e-05
466,0.12224215705639117,5.2067951235156495e-05
467,0.12227008217630528,5.0646134927378585e-05
468,0.12230151893325805,5.624220151194665e-05
469,0.12231431224241585,5.0709133236007397e-05
470,0.1223558561045342,5.0761896453425514e-05
471,0.12239916446840536,5.0521343787767256e-05
472,0.1224415058270477,5.058358987117682e-05
473,0.12248158116901983,5.0586623814294674e-05
474,0.1225197183873308,5.0613871038537696e-05
475,0.12255605135101431,5.063882312290664e-05
476,0.1225907920553026,5.067208425069872e-05
477,0.1226241116648783,5.071033156939397e-05
478,0.12265618927235977,5.075352185932829e-05
479,0.12268723281044318,5.0732143710250434e-05
480,0.12271755731071353,5.0858249968256224e-05
481,0.12274667083332372,5.090116241271075e-05
482,0.12277539849831179,5.081906621761956e-05
483,0.12280436576111665,5.093291103933007e-05
484,0.12283273427756562,5.100121561813334e-05
485,0.122860803020873,5.106023043527344e-05
486,0.12288879429697162,5.1018810541032626e-05
487,0.1229172269816324,5.098246859279424e-05
488,0.12294608244291394,5.097406655533849e-05
489,0.12297510622885946,5.1015789056967164e-05
490,0.12300404291692019,5.105767852634534e-05
491,0.12303292051661463,5.10859374078493e-05
492,0.12306171428434608,5.087308710472893e-05
493,0.12309161197250137,5.0931120916297094e-05
494,0.12312118740269866,5.106823484316447e-05
495,0.12315010980913098,5.117374760780932e-05
496,0.12317873145244884,5.1268836193268766e-05
497,0.12320730825993623,5.1340282213971355e-05
498,0.12323608719847451,5.1393604234271186e-05
499,0.12326523601104053,5.1428682039671664e-05
500,0.12329487743602394,5.1431023962190775e-05
501,0.12332519110003219,5.1316771202509034e-05
502,0.12335652301027403,5.12700698159189e-05
503,0.12338846260368239,5.0998093360112686e-05
504,0.12342154875179576,5.1121209950180444e-05
505,0.12345381484780082,5.120639788619572e-05
506,0.12348540800564353,5.12878581590052e-05
507,0.12351654489081085,5.1347181955474134e-05
508,0.12354745600883305,5.140565962955361e-05
509,0.12357824195277173,5.145989368456024e-05
510,0.12360900183759993,5.147829250666231e-05
511,0.12363995008245587,5.1442301396620714e-05
512,0.12367129672802223,5.139920156155906e-05
513,0.1237029740505383,5.135018669579368e-05
514,0.12373487467402068,5.129894550207904e-05
515,0.12376687771203292,5.1247111551591856e-05
516,0.12379886347870539,5.1196268334224085e-05
517,0.12383071801049506,5.1148992913043843e-05
518,0.1238623296570665,5.1105494842198006e-05
519,0.12389360465945418,5.106559248894136e-05
520,0.12391151717590691,5.683063662929866e-05
521,0.12392065252801751,4.9276419948773334e-05
522,0.12396626947019249,5.095037954296223e-05
523,0.12400593584853595,5.001466547765372e-05
524,0.12404615681245869,5.024406331426359e-05
525,0.12408273500778175,4.991477502111762e-05
526,0.12411760976515591,4.972155521710036e-05
527,0.12415040265011881,4.980426247549613e-05
528,0.1241799036859218,4.9945158196909095e-05
529,0.12420617775094686,5.000397479815306e-05
530,0.12423011090138901,5.015697845355874e-05
531,0.12425180492435746,5.037056109678326e-05
532,0.1242714933192086,5.057127126380993e-05
533,0.1242897806823,5.07576577137608e-05
534,0.12430724020378567,5.092594840121198e-05
535,0.12432437685704928,5.107406912558286e-05
536,0.1243416203164722,5.120131713698003e-05
537,0.12435932113252046,5.1307481124300585e-05
538,0.12437775347605039,5.139317880332556e-05
539,0.12439711818042971,5.145956217077114e-05
540,0.12441754809479186,5.150831276185844e-05
541,0.12443911428684379,5.1541546840833466e-05
542,0.12446180317592251,5.146967291671534e-05
543,0.12448596833518388,5.143268740042192e-05
544,0.12451125975921669,5.1420859462115476e-05
545,0.12453735389632628,5.140375358815462e-05
546,0.12456411383319857,5.138277048823078e-05
547,0.1245917127047415,5.117740669031372e-05
548,0.12462100729657892,5.0182033794668414e-05
549,0.12465381664898394,5.0499467782951106e-05
550,0.12468382903725513,5.0540139633574316e-05
551,0.12471205908380585,5.0785918443070074e-05
552,0.12473808554581858,5.0935292491927427e-05
553,0.12476275962554456,5.1086789873546e-05
554,0.12478647842361697,5.1211381884221783e-05
555,0.12480966390990957,5.1301063722481273e-05
556,0.12483269207607195,5.137483862344794e-05
557,0.12485578087055413,5.142008622863381e-05
558,0.12487491139813994,5.940334385329467e-05
559,0.12486819016481177,5.0607969136798595e-05
560,0.12490643528337064,5.04298697698952e-05
561,0.12494799366736685,5.0489976639746543e-05
562,0.12498653081831042,5.0176330349055865e-05
563,0.12502329993080977,5.029913029467602e-05
564,0.12505664373451836,5.023013484919275e-05
565,0.12508744289340876,5.029090686430325e-05
566,0.1251154733625848,5.032192469167735e-05
567,0.12514111515774642,5.0388017392462e-05
568,0.12516454616427689,5.045640725922854e-05
569,0.1251860680024527,5.053546224411159e-05
570,0.12520595449261332,5.0617098657442486e-05
571,0.1252244981038097,5.070027128674666e-05
572,0.12524197853242017,5.078164273558566e-05
573,0.12525866420578838,5.0859312822672085e-05
574,0.12527480281769404,5.093137292805955e-05
575,0.1252906181219718,5.099647702432057e-05
576,0.12530630615987842,5.105360335219809e-05
577,0.12532203348867638,5.110212118804754e-05
578,0.1253379362532144,5.1141724818202945e-05
579,0.12535413356152328,5.114407027573757e-05
580,0.12537079870276566,5.11680359982417e-05
581,0.12538782588642847,5.118754314553165e-05
582,0.12540521517612474,5.1199318424106136e-05
583,0.12542687215090037,4.356171731094884e-05
584,0.12547546127763834,5.081528669495382e-05
585,0.12548512363640632,5.285802104617769e-05
586,0.12548352930340384,5.2428065677600796e-05
587,0.12548711158435952,5.286058291082474e-05
588,0.12549318328927597,5.2482500071933105e-05
589,0.1255046053987983,5.2549330173768095e-05
590,0.12551907849149457,5.22048939796678e-05
591,0.1255376199535447,5.1907730078710143e-05
592,0.1255592781776552,5.177662411681177e-05
593,0.12558256047987995,5.167441543329021e-05
594,0.1256068321905386,5.1552600512854724e-05
595,0.12563177549725954,5.149232609334183e-05
596,0.12565682778525564,5.143273190016713e-05
597,0.12568177015783244,5.137074678621115e-05
598,0.12570645729708177,5.130801759165245e-05
599,0.12573075605736037,5.12436298159821e-05
600,0.125754553288289,5.117741993326832e-05
601,0.12577753591211782,5.071942577869937e-05
602,0.1258014743524726,5.036686144820962e-05
603,0.12582534377343313,5.03817761804357e-05
604,0.1258471505706577,5.03734556770347e-05
605,0.1258669818143825,5.0392031087453346e-05
606,0.12588491643547406,5.042162810751782e-05
607,0.12590111405885254,5.045451568438375e-05
608,0.1259157733497918,5.0498158218771645e-05
609,0.12592903339020844,5.053988979461279e-05
610,0.12594113450643113,5.059268277786495e-05
611,0.12595159018509716,5.082702379613013e-05
612,0.1259603474549707,5.088077191006321e-05
613,0.12596881467508736,5.0911262186810566e-05
614,0.12597724356517817,5.095261610980324e-05
615,0.12598610466287763,5.081282073135915e-05
616,0.125996304822676,5.067190879512801e-05
617,0.12600753050830205,5.058715955050019e-05
618,0.1260190815943957,5.057522997645358e-05
619,0.12603016249381285,5.065647796113224e-05
620,0.12604036795364953,5.072188606755842e-05
621,0.1260496959041161,5.094315941420209e-05
622,0.12605765251009304,5.1186425858386086e-05
623,0.12606453001682605,5.138752895088126e-05
624,0.12607094966734073,5.155132560965229e-05
625,0.12607743882643616,5.166667765281548e-05
626,0.12608447723456376,5.173338346903616e-05
627,0.1260924326185327,5.175066645539907e-05
628,0.12610154543784044,5.172963084105001e-05
629,0.12611189783430254,5.1678838043557e-05
630,0.126123452044786,5.160671173928346e-05
631,0.12613608052220743,5.1520183812831e-05
632,0.12614959626679445,5.1426111359071485e-05
633,0.12616377386106564,5.13297756031267e-05
634,0.12617810024675,5.1308105619336537e-05
635,0.12619210083379345,5.1260079420573654e-05
636,0.12620595986606564,5.116840048848324e-05
637,0.1262198188761922,5.1068876145777775e-05
638,0.12623359071654636,5.0961298680359907e-05
639,0.12624717791643836,5.084556056283334e-05
640,0.12626049903849146,5.07207898924067e-05
641,0.12627348976085603,5.0586735409899854e-05
642,0.1262860957949625,5.044430014090025e-05
643,0.12629826303125535,5.029591893542407e-05
644,0.12630531165655423,5.199020050182506e-05
645,0.1263112118790346,4.966255183094906e-05
646,0.12632478096871025,4.993749655363668e-05
647,0.1263368642545157,4.9647409292161673e-05
648,0.12634819876485723,4.948937699351377e-05
649,0.12635860187931466,4.9313261803362545e-05
650,0.12636798610536354,4.913754487342962e-05
651,0.12638100758287993,4.7322587115494105e-05
652,0.12639202868865418,4.940912855399036e-05
653,0.12639173847551904,4.9814376034438025e-05
654,0.12638768573812628,4.9889886305771054e-05
655,0.12638308518600203,5.01464210885321e-05
656,0.12637765448093874,5.0296059502879153e-05
657,0.12637212327058542,5.051445430774984e-05
658,0.12636655669163466,5.069992372403976e-05
659,0.12636139667902402,5.066787517118737e-05
660,0.12635767173152945,5.060693600254378e-05
661,0.1263553424349803,5.0850094606735846e-05
662,0.12635309437521783,5.107515663741271e-05
663,0.126351159299793,5.1209444350403014e-05
664,0.1263501539326456,5.1229817521542955e-05
665,0.12635056230513972,5.1532211471833596e-05
666,0.12635129700866096,5.1729765592097645e-05
667,0.12635293089695473,5.190878190702057e-05
668,0.1263557244097154,5.204392667415894e-05
669,0.1263599179165996,5.2138020435862354e-05
670,0.12636565285442802,5.219415104801365e-05
671,0.12637297459828847,5.2210545265304665e-05
672,0.126381861762916,5.219221359733195e-05
673,0.1263922152496375,5.2109967072930306e-05
674,0.1264040060698519,5.180584529909726e-05
675,0.12641788509827936,5.156478161076862e-05
676,0.12643284848662467,5.1147106080111624e-05
677,0.1264488367370153,5.107815465083598e-05
678,0.12646384433435645,5.104907433817428e-05
679,0.12647743302782152,5.101172012141789e-05
680,0.1264895149159693,5.1215715191180316e-05
681,0.1264991159734873,5.1676089019456375e-05
682,0.12650583588362568,5.1591253075228804e-05
683,0.12651241113529915,5.151444706026127e-05
684,0.12651895567579535,5.1408943217212444e-05
685,0.12652539981926333,5.119562838784182e-05
686,0.12653193508932525,5.0869322716264455e-05
687,0.12653868440103788,5.0782352325706807e-05
688,0.12654430949404896,5.072718104514375e-05
689,0.12654852523996712,5.067811223614859e-05
690,0.12655132860978943,5.0646715782087196e-05
691,0.12655271630459636,5.062198193754855e-05
692,0.126552748019632,5.0608801193895286e-05
693,0.12655150446616395,5.0590667273704975e-05
694,0.1265494240900762,5.038201143217697e-05
695,0.1265468947054028,5.049886152390733e-05
696,0.12654263647884945,5.053058431798669e-05
697,0.12653711085649022,5.0606306393841074e-05
698,0.12653039932797738,5.066959949518801e-05
699,0.12652278995056038,5.0746448722057556e-05
700,0.12651448571118473,5.079749439123722e-05
701,0.12650579000234052,5.084516842171365e-05
702,0.1264968774975041,5.08834262318804e-05
703,0.12648790457733167,5.091440397216027e-05
704,0.12647886221637306,5.103597357179142e-05
705,0.1264695525730902,5.105197496173734e-05
706,0.12646082882219928,5.0881748148299866e-05
707,0.12645343427177427,5.0745900711144764e-05
708,0.1264467581280119,5.076140502542362e-05
709,0.1264399499244824,5.0742719604650387e-05
710,0.1264330845713045,5.0746984675058354e-05
711,0.12642607086611912,5.075762943676152e-05
712,0.12641880415729215,5.083871203896616e-05
713,0.12641108724050193,5.087906249522586e-05
714,0.12640324941864273,5.0868563673988705e-05
715,0.12639556913042627,5.086041114979368e-05
716,0.12638803133194104,5.0846998667693315e-05
717,0.12638061750215104,5.083375329575156e-05
718,0.12637328720922522,5.081969412136609e-05
719,0.12636600289700287,5.0805785562054634e-05
720,0.12635872559694714,5.079225276758473e-05
721,0.1263514181796596,5.077945714817565e-05
722,0.12634406745250992,5.07506256391945e-05
723,0.12633702951635004,5.047037312153649e-05
724,0.12633056699247494,5.0254255185814954e-05
725,0.12632434751514549,5.03118276075834e-05
726,0.12631694709005126,5.04631322207258e-05
727,0.12630810277170162,5.057516908573273e-05
728,0.1262982478282114,5.068718602387085e-05
729,0.12628768539495858,5.075810600946056e-05
730,0.12627678016832627,5.082625540874375e-05
731,0.1262657028658917,5.0880201914390936e-05
732,0.1262546149604299,5.0921717120028964e-05
733,0.1262436380078428,5.094891155859991e-05
734,0.1262328643826324,5.096464506126885e-05
735,0.12622234400726068,5.096993292060522e-05
736,0.12621209628903626,5.0966774774185576e-05
737,0.1261991429434383,5.720055941041979e-05
738,0.126167229261703,5.01354001127042e-05
739,0.12616814346211833,5.0483439960011115e-05
740,0.126170164748148,4.979329128083792e-05
741,0.12617227969179862,5.003003638412844e-05
742,0.12617111222037056,4.980652249351622e-05
743,0.12616812364028526,4.99687892093818e-05
744,0.12616218307710433,4.9938973773701494e-05
745,0.1261541750907716,5.0056337269166984e-05
746,0.12614389658276393,5.010982800615654e-05
747,0.12613186266043674,5.0214274312081775e-05
748,0.1261182264016145,5.0277922582221685e-05
749,0.12610339811902363,5.038943040077064e-05
750,0.12608746676571705,5.048587645853803e-05
751,0.12607074494393225,5.05843281810878e-05
752,0.12605347353841045,5.067172533566589e-05
753,0.12603590337560433,5.075176651386336e-05
754,0.1260182369175376,5.0820503838049737e-05
755,0.12600065251049103,5.087870463133391e-05
756,0.12598328948639442,5.0925320384060174e-05
757,0.12596625588269153,5.096084181043466e-05
758,0.12594962588660708,5.098546563885277e-05
759,0.12593344399650097,5.099997766710678e-05
760,0.12591772671387774,5.100520885932326e-05
761,0.12590246633510582,5.1002237514552416e-05
762,0.12588763420753113,5.0992204072572455e-05
763,0.12587318459750527,5.0976331821198e-05
764,0.12585905836251332,5.095584680417999e-05
765,0.12584518665953368,5.093195725956783e-05
766,0.12583149440821662,5.090581078109861e-05
767,0.1258179035199475,5.087847184752568e-05
768,0.12580433578146247,5.085089812454997e-05
769,0.1257907153719365,5.082392646722586e-05
770,0.12577697097311766,5.079826269517932e-05
771,0.1257630374665061,5.077447760269166e-05
772,0.12574885721628126,5.0753007140829825e-05
773,0.1257343809544915,5.0734156942885275e-05
774,0.1257195682920885,5.0718110162272884e-05
775,0.12570438788934118,5.0704938061586655e-05
776,0.12568881732482726,5.0694612620648464e-05
777,0.12567284270629694,5.068702060268199e-05
778,0.12565645806887868,5.0681978313156815e-05
779,0.12563966460711806,5.0679246644328564e-05
780,0.12562246978582953,5.067854584638362e-05
781,0.125604886372914,5.067956958381717e-05
782,0.12558693143401095,5.0681998017811254e-05
783,0.12556862532467059,5.0685509548593586e-05
784,0.1255499907113775,5.0689791127329956e-05
785,0.12553105164755818,5.069454691675505e-05
786,0.12551183272580407,5.0699505327700464e-05
787,0.1254923583223395,5.070442436829733e-05
788,0.1254726519449433,5.0709095417159476e-05
789,0.1254527356907625,5.071334542266013e-05
790,0.1254326298165426,5.071703777727767e-05
791,0.12541235241972348,5.072007189398159e-05
792,0.12539191922585918,5.072238176527921e-05
793,0.12537134347506396,5.0723933598154604e-05
794,0.12535063589820017,5.072472276956328e-05
795,0.12532980477188907,5.072477024978821e-05
796,0.1253088560404167,5.072411870924798e-05
797,0.12528779349215488,5.072282841134588e-05
798,0.1252666189780449,5.0720973089615046e-05
799,0.12524533265997648,5.071863595671395e-05
800,0.12522393327745682,5.071590585868376e-05
801,0.12520241842217156,5.07128738042301e-05
802,0.12518078481075803,5.070962980231343e-05
803,0.12515902854779107,5.07062601751343e-05
804,0.1251371453719821,5.0702845292992886e-05
805,0.1251151307029383,5.069839212107531e-05
806,0.1250929825486253,5.0684850139579086e-05
807,0.12507073090258486,5.068238952844867e-05
808,0.12504831985657217,5.0680736968930674e-05
809,0.1250257400418848,5.067980720069705e-05
810,0.12500299091065636,5.067914980940376e-05
811,0.12498007479637675,5.0678719366387054e-05
812,0.12495699478419409,5.06784597810943e-05
813,0.12493375431946979,5.06783231437707e-05
814,0.12491035704996936,5.067826879824024e-05
815,0.12488680668385278,5.067825711587855e-05
816,0.12486310689808738,5.067825396401335e-05
817,0.1248392612471917,5.067822940062742e-05
818,0.12481527288156205,5.067832177639027e-05
819,0.12479114450142836,5.067822320545319e-05
820,0.12476687962374156,5.067800753401704e-05
821,0.12474248100310932,5.067769443623694e-05
822,0.12471795082660367,5.067728562959153e-05
823,0.12469329089259189,5.067678340069677e-05
824,0.12466850266091833,5.06761932174741e-05
825,0.12464358728097918,5.067552391514061e-05
826,0.12461854562078944,5.067478722263309e-05
827,0.12459337830043776,5.0673997338812794e-05
828,0.12456808572910141,5.067317039583114e-05
829,0.12454266814422969,5.067232408136445e-05
830,0.12451712547307613,5.0671785709885374e-05
831,0.12449145660068783,5.0671229429694694e-05
832,0.12446566208790143,5.0670538861215504e-05
833,0.12443974298342303,5.0669903433838426e-05
834,0.12441370047752673,5.066792000371698e-05
835,0.1243875461733558,5.0657047800349257e-05
836,0.1243613016443222,5.065979722996802e-05
837,0.12433490728389732,5.0658969981334174e-05
838,0.12430837571892626,5.065940113857932e-05
839,0.12428170639500585,5.0659727218201745e-05
840,0.12425490257585096,5.066037213573667e-05
841,0.12422796642143251,5.066119909128088e-05
842,0.12420090053361144,5.066224701598757e-05
843,0.12417370738375942,5.0663507584258065e-05
844,0.12414793252138102,4.460840573041101e-05
845,0.12414281211427916,5.153965475120677e-05
846,0.12410511143820692,5.16401677026291e-05
847,0.12406510581148475,5.207304207470879e-05
848,0.12402612582627658,5.212909100384499e-05
849,0.12398982360600155,5.218031845939516e-05
850,0.1239559266031063,5.1886054795861924e-05
851,0.12392533659635703,5.1303454653730754e-05
852,0.1238990426909535,5.105873425758186e-05
853,0.12387505159672572,5.0645980184010747e-05
854,0.1238529572948316,5.047368257320761e-05
855,0.12383097350197385,5.041630148944967e-05
856,0.12380822201468095,5.0370997611787416e-05
857,0.1237845502843219,5.03442013394135e-05
858,0.12375988155760348,5.0323820678934016e-05
859,0.12373422537813816,5.031738987477264e-05
860,0.12370758586798394,5.032231545514694e-05
861,0.12367999507817903,5.033595790044883e-05
862,0.1236515138510134,5.03566934652224e-05
863,0.12362222082148894,5.038308707791995e-05
864,0.12359220630711097,5.041367582520096e-05
865,0.12356156828326119,5.044704659803504e-05
866,0.12353040860806377,5.0481850890837844e-05
867,0.12349882964124541,5.0516844481819314e-05
868,0.1234669312050949,5.055091093057436e-05
869,0.1234348079632859,5.058308231446287e-05
870,0.1234025472376676,5.061255227802456e-05
871,0.12337022728271027,5.063868341456997e-05
872,0.12333791601716039,5.066100883007923e-05
873,0.12330567020121018,5.067922849054617e-05
874,0.12327353503786813,5.069319796603484e-05
875,0.12324154417693511,5.070291232719065e-05
876,0.12320972004318476,5.070853332798276e-05
877,0.1231780743665235,5.071029939736714e-05
878,0.12314660920884347,5.070855463708834e-05
879,0.12311531801211922,5.070371467908194e-05
880,0.12308418682734319,5.069624868324286e-05
881,0.12305319563163822,5.068665818206943e-05
882,0.12302231969086158,5.0675458305540943e-05
883,0.12299153091751006,5.0663160095728855e-05
884,0.12296079918395299,5.065025489104647e-05
885,0.1229300935551604,5.063720089431564e-05
886,0.12289938341133874,5.062441219763183e-05
887,0.12286863943738284,5.061225030515091e-05
888,0.12283783446263268,5.0601018241269456e-05
889,0.12280694414055031,5.059095709259093e-05
890,0.12277594746403271,5.058224490801569e-05
891,0.12274482711786969,5.057499766915167e-05
892,0.12271356967476087,5.056927214017865e-05
893,0.12268216564528782,5.056507023084608e-05
894,0.12265060939655775,5.056234460384835e-05
895,0.12261889895583471,5.056100509028317e-05
896,0.12258703571897175,5.0560925696867024e-05
897,0.12255502408279015,5.05619517445515e-05
898,0.12252282309106469,5.051081548232798e-05
899,0.12249059507770199,5.040824619142357e-05
900,0.12245859843985928,5.043095397386303e-05
901,0.12242624446392852,5.045562566495163e-05
902,0.12239351248442208,5.048971861684283e-05
903,0.12236044114566233,5.052219357676345e-05
904,0.12232711562591043,5.055357511799758e-05
905,0.12229359507322995,5.055021198999951e-05
906,0.12226006421520881,5.0565006048178385e-05
907,0.12222648581355275,5.0589732329021934e-05
908,0.12219284449653163,5.061303737607882e-05
909,0.12215918466755704,5.063339408126433e-05
910,0.12212555592230014,5.065013876237598e-05
911,0.12209200126059754,5.066316490397947e-05
912,0.12206935541751048,4.5141752954666126e-05
913,0.12205679293313536,5.211949324202767e-05
914,0.12201042893338891,5.1214959095558786e-05
915,0.12196643518540817,5.180153703095092e-05
916,0.12192288849309758,5.1662356485760624e-05
917,0.1218823225302451,5.167176229677065e-05
918,0.12184417623735058,5.158449802442008e-05
919,0.12180847325473132,5.149529577605335e-05
920,0.12177489536931366,5.138273817013737e-05
921,0.1217431604226943,5.1262109841001933e-05
922,0.12171293121831109,5.113728915849114e-05
923,0.12168386335108976,5.101412426875261e-05
924,0.1216556146870249,5.0896138757065315e-05
925,0.12162786232433799,5.0789596197372813e-05
926,0.12160029874043991,5.0698104628146135e-05
927,0.1215726491909534,5.062521579195245e-05
928,0.12154466191814894,5.0603741554715904e-05
929,0.12151601768598375,5.064793943437154e-05
930,0.12148642524313925,5.077876245830134e-05
931,0.12145536928681615,5.015443449730489e-05
932,0.12142646275629797,4.985038728157013e-05
933,0.1213993256581236,4.4690161994693065e-05
934,0.12138756837670692,5.546032593122895e-05
935,0.12132904350945782,4.922934627145627e-05
936,0.12129614852306758,5.028340644796439e-05
937,0.12126101547768398,4.986330652493749e-05
938,0.12122633025345055,5.007245647895816e-05
939,0.1211900938759637,5.0122027018592305e-05
940,0.12115296892365011,5.024842825329162e-05
941,0.12111756121292869,4.389423474235668e-05
942,0.12110303339212063,5.2337330715401676e-05
943,0.1210494556990664,5.062511563292243e-05
944,0.12100174229600645,5.140341198633843e-05
945,0.12095386910257182,5.134264418283916e-05
946,0.12090560072354244,5.836384577060994e-05
947,0.12083678908436282,5.0396530824370235e-05
948,0.12080831849101141,5.1118140926027345e-05
949,0.12078164396791874,5.040499521613204e-05
950,0.12075748078107862,5.0413298749642476e-05
951,0.12073273240180502,5.026388905271216e-05
952,0.12070753181395742,5.020629281545809e-05
953,0.12068143023979669,5.014861659961853e-05
954,0.1206543429467474,5.011845024866849e-05
955,0.12062616022641935,5.010451883887589e-05
956,0.1205968528068913,5.01111035115124e-05
957,0.12056641978182205,5.013086565666251e-05
958,0.12053492275139292,5.01617005100064e-05
959,0.12050245565212807,5.020051721676756e-05
960,0.12046914719322288,5.023589034430895e-05
961,0.12043516626795556,5.0276402540034364e-05
962,0.12040063562936497,5.0321191466126904e-05
963,0.12036568081464398,5.0362096089322104e-05
964,0.12033045780061374,5.0396306105504906e-05
965,0.12029512269487301,5.042018322758684e-05
966,0.12025982808661753,5.0430477005541325e-05
967,0.12022471816554636,5.042384012752428e-05
968,0.12018992603111531,5.039709102967446e-05
969,0.12015556970391027,5.034628745988599e-05
970,0.12013015524754102,4.076039153444586e-05
971,0.1201332126255778,5.251698629417809e-05
972,0.12007900588410456,5.126962894115831e-05
973,0.1200277852947932,5.202996075504773e-05
974,0.11997794161528344,5.180632215272325e-05
975,0.11993301014309664,5.1756072654089597e-05
976,0.11989220631844397,5.157753292671668e-05
977,0.11985545932525435,5.138474229507788e-05
978,0.11982216209463928,5.0818032048596165e-05
979,0.11979312284435507,5.0560833993235085e-05
980,0.11976610751441355,5.042085543250431e-05
981,0.11973966186638998,5.001426353090412e-05
982,0.11971458068379368,5.0087302872194376e-05
983,0.1196883540885334,5.02120953878715e-05
984,0.11966073999166175,5.031871508849971e-05
985,0.11963213155379993,5.040638932325418e-05
986,0.11960286791730192,5.048393911607191e-05
987,0.11957319213658846,5.054965991077542e-05
988,0.11954331149078468,5.060315861165258e-05
989,0.11951292785841242,5.0686332676702194e-05
990,0.11948162567303776,5.087023152456512e-05
991,0.11944920078708843,5.1159087498574856e-05
992,0.1194152773915672,5.149301652264549e-05
993,0.119380621293535,5.163423908245735e-05
994,0.11934633876548524,5.1860037978598824e-05
995,0.11931215043147243,5.213085903731343e-05
996,0.11927784977425843,5.247104427592195e-05
997,0.11924320465262447,5.2879407055391455e-05
998,0.11920522982727899,5.385516772633483e-05
999,0.11916497858527214,5.408978362094837e-05
1000,0.11912846633006174,5.854093591691634e-05
1001,0.1190809513493568,5.2377218138194035e-05
1002,0.11906734280305714,4.871249029412808e-05
1003,0.11907203243114647,5.349657849990155e-05
1004,0.11905285167844099,5.183428474621037e-05
1005,0.1190391082487053,5.0854472916528364e-05
1006,0.11902996873030135,4.986574717220624e-05
1007,0.11902301287013944,4.913883188969155e-05
1008,0.11901536649101284,4.8568119385789815e-05
1009,0.11900508273993289,4.8199875103147536e-05
1010,0.1189905958796088,4.7985981387372825e-05
1011,0.11897088256403342,4.782241403832434e-05
1012,0.11894600707739891,4.7903321811985316e-05
1013,0.11891537418682958,4.803114894535552e-05
1014,0.11887946801135651,4.822306656283763e-05
1015,0.11883886735892925,4.8458447263206536e-05
1016,0.11879427370794964,4.8728696690847494e-05
1017,0.11874644253091526,4.902041480061301e-05
1018,0.11869616865272571,4.932430627001058e-05
1019,0.11864424762731733,4.9627189695953354e-05
1020,0.11859146898960699,4.991916027781719e-05
1021,0.11853858283784634,5.0191330997642606e-05
1022,0.11848627941545936,5.043651646659469e-05
1023,0.11843516931400513,5.065318794883224e-05
1024,0.11838575832188891,5.082940310112865e-05
1025,0.11833849488447458,5.096759411488373e-05
1026,0.11829369986270961,5.106677457856272e-05
1027,0.11825150747531125,5.091579087821861e-05
1028,0.11821283970843033,5.07123004679212e-05
1029,0.11817764046940105,5.081017873558498e-05
1030,0.11814415878823704,5.0864364641845574e-05
1031,0.11811237033178994,5.091738574977457e-05
1032,0.11809161505482288,4.6607714179299666e-05
1033,0.1180825939326033,5.120486650288314e-05
1034,0.11804835107601748,5.1539394401125815e-05
1035,0.11801148458975806,5.214313650565891e-05
1036,0.11797506023305591,5.214859214614146e-05
1037,0.11794222460470162,5.214538686149323e-05
1038,0.11791308434636374,5.2043160800676475e-05
1039,0.11788762378099364,5.185606801628734e-05
1040,0.11786568000411712,5.164957952600827e-05
1041,0.11784669973826442,5.1456058895679515e-05
1042,0.11782999653155704,5.1217522045544036e-05
1043,0.11781483108418263,5.082052978996597e-05
1044,0.11780145965283234,5.052013620539015e-05
1045,0.1177878568099062,4.706093532708838e-05
1046,0.11778839119348368,5.100471605718739e-05
1047,0.11776742169803944,4.969570004338876e-05
1048,0.11774944150193563,5.4921343926748976e-05
1049,0.1177099039651278,4.897913297939737e-05
1050,0.11769836578163388,4.9929994589946584e-05
1051,0.1176826551082182,4.9706710238031244e-05
1052,0.11766496782850332,4.990708705794174e-05
1053,0.11764439407484702,4.9917693714461624e-05
1054,0.11762200680334166,4.998190856986083e-05
1055,0.11759794505729222,5.006331274281564e-05
1056,0.1175723924367889,5.015988773080818e-05
1057,0.11754558091803924,5.026396227634625e-05
1058,0.11751777707997224,5.037201743702258e-05
1059,0.1174892549176974,5.0479381780906106e-05
1060,0.11746029001431194,5.05823614672139e-05
1061,0.11743114790482072,5.0677740913703216e-05
1062,0.11740207569748566,5.076306344163218e-05
1063,0.11737329469998486,5.083653499493576e-05
1064,0.11734499531227847,5.0896956713114535e-05
1065,0.11731733381378208,5.09434705540673e-05
1066,0.11729043610703714,5.0943356368580306e-05
1067,0.11726451096281569,5.088488797436924e-05
1068,0.11723970427550727,5.093527487644787e-05
1069,0.11721543943689287,5.0946133912700254e-05
1070,0.11719190363650146,4.6274360856564984e-05
1071,0.11718860867235059,5.5279317846206986e-05
1072,0.11714286939274393,5.0428301260793e-05
1073,0.11712028239400682,5.144061645288144e-05
1074,0.11709665581608104,5.0956203760263265e-05
1075,0.11707578198100106,5.104141552318477e-05
1076,0.11705541054163321,5.0918098160145013e-05
1077,0.1170360640328356,5.086206349785242e-05
1078,0.11701732614399638,5.078070008732344e-05
1079,0.11699910224952398,5.071163119369758e-05
1080,0.11698118176745301,5.064542929312546e-05
1081,0.11696340631882315,5.0588365291518304e-05
1082,0.11694562072496517,5.054040292730246e-05
1083,0.11692769728558128,5.0502989064957335e-05
1084,0.11690953188463157,5.047636365730491e-05
1085,0.11689104796474754,5.04605536133029e-05
1086,0.11687219598774135,5.045509141465458e-05
1087,0.11685295291631116,5.04591936151308e-05
1088,0.11683332033910288,5.047178871531998e-05
1089,0.11681332194998893,5.0491603096732265e-05
1090,0.11679300038105633,5.051722752162513e-05
1091,0.11677240910798446,5.054434438233208e-05
1092,0.11675161567740393,5.0575523697540794e-05
1093,0.11673068936622,5.061917877250464e-05
1094,0.11670966523704988,5.0656727609642714e-05
1095,0.11668863767701855,5.0710943267651055e-05
1096,0.11666758346324292,5.0707714365488e-05
1097,0.11664513712199973,4.8991950036972884e-05
1098,0.1166312133455556,5.1735145690623145e-05
1099,0.11660508529175438,5.530626643401661e-05
1100,0.11656642820077366,4.934186832436192e-05
1101,0.11655854967770585,5.05390900706637e-05
1102,0.11654657212004173,5.021249788633131e-05
1103,0.11653437875716907,5.040372232653849e-05
1104,0.1165205331506524,5.035093859691938e-05
1105,0.11650618524446169,5.034829020684295e-05
1106,0.1164911741309776,4.992229752079915e-05
1107,0.11647731936958722,5.0017840665814704e-05
1108,0.11646213420542342,5.006017804941225e-05
1109,0.11644596287463559,5.011341076024931e-05
1110,0.11642930453966982,5.006515661209545e-05
1111,0.11641358587482381,4.9702132977775905e-05
1112,0.1164014383929735,4.89429512030147e-05
1113,0.11638973599892333,4.984391223340945e-05
1114,0.11637171211569908,4.938364474230218e-05
1115,0.11635164894419832,5.117815770765795e-05
1116,0.11632215315257903,5.149244220215853e-05
1117,0.11629224402049712,5.3078167335267986e-05
1118,0.11625840083477541,5.3125526454537804e-05
1119,0.11622942395130824,5.27361836767317e-05
1120,0.11620763847971838,5.2508385885999254e-05
1121,0.11619131629045173,5.230897103228231e-05
1122,0.11617936390640578,5.209043968028861e-05
1123,0.11617107938100057,5.184955712588394e-05
1124,0.1161658238628826,5.160241015866154e-05
1125,0.11616291020584123,5.136559661178097e-05
1126,0.11616162343034009,5.115258910563915e-05
1127,0.1161612648019186,5.096736946052553e-05
1128,0.11616150508610405,5.01101580031792e-05
1129,0.11616418605333004,5.0240752051122264e-05
1130,0.11616431641936997,5.001329191618718e-05
1131,0.11616309738154884,4.9995186653747835e-05
1132,0.11615971500766495,4.992620830066751e-05
1133,0.1161544073537762,4.9931494262359075e-05
1134,0.11614700639994585,4.9949005921605775e-05
1135,0.11613764686684784,5.0007690939757574e-05
1136,0.11612641386265782,5.0076362328195855e-05
1137,0.1161135603809341,5.01668018617492e-05
1138,0.11609931276517545,5.026685117673774e-05
1139,0.11608395610751007,5.037523499709235e-05
1140,0.11606778025211509,5.048553930417715e-05
1141,0.11605108855633471,5.059450423205845e-05
1142,0.11603414376498455,5.0587693540750636e-05
1143,0.1160176461169803,5.0452216174380714e-05
1144,0.1160023347195595,5.060165955473583e-05
1145,0.11598686304464524,5.066004951243458e-05
1146,0.11597172614973524,5.075032604782903e-05
1147,0.115956981327191,5.080609682575629e-05
1148,0.11594290461538642,5.085842885611829e-05
1149,0.11592960355631463,5.089296513083085e-05
1150,0.11591721259662821,5.0844172353100795e-05
1151,0.1159060887546135,5.087925832164963e-05
1152,0.1158957746446219,5.088839955798013e-05
1153,0.11588632092103066,5.090001501703284e-05
1154,0.11587768638358331,5.090178179883543e-05
1155,0.11586986445912976,5.089932733586371e-05
1156,0.11586281584720613,5.0891739439213044e-05
1157,0.11585649514451009,5.0880813628155125e-05
1158,0.11585084400296958,5.0867342938149936e-05
1159,0.11584579789390805,5.085249376228165e-05
1160,0.11584129059787403,5.0828828042255364e-05
1161,0.11583727554219463,5.0820304165654975e-05
1162,0.11583361352247598,5.081141641758913e-05
1163,0.1158302514911181,5.0803687495401924e-05
1164,0.11582714458390614,5.079674220933951e-05
1165,0.1158242544493847,5.0791544933927316e-05
1166,0.11582154427805723,5.078842194802378e-05
1167,0.1158189820506899,5.078772683309315e-05
1168,0.11581654105273569,5.078962151890642e-05
1169,0.11581419947268413,5.078271463785431e-05
1170,0.11581197208773654,5.0764683888217626e-05
1171,0.11580989850665757,5.076113479087033e-05
1172,0.11580790802426383,5.078467506814091e-05
1173,0.11580587273425057,5.081794335304097e-05
1174,0.11580378924211042,5.0845795104719605e-05
1175,0.11580174570729326,5.086895139697686e-05
1176,0.1157998215660913,5.088536215107012e-05
1177,0.1157980879437826,5.089752531067813e-05
1178,0.1157965878144178,5.090798055686404e-05
1179,0.11579534298965061,5.091415431042928e-05
1180,0.11579437962818956,5.0916578912884886e-05
1181,0.11579371308345682,5.0915646696478055e-05
1182,0.11579334983965274,5.0911824279477445e-05
1183,0.11579328854394236,5.090552095987483e-05
1184,0.11579352183710445,5.089715725166237e-05
1185,0.11579403781629374,5.0887110342850975e-05
1186,0.11579482159286691,5.087570762461661e-05
1187,0.11579585673842739,5.086320602549319e-05
1188,0.11579712664839362,5.084977880546237e-05
1189,0.11579861578744362,5.083550282266696e-05
1190,0.11581876863168586,2.777167090432316e-05
1191,0.11591032830934754,6.94084598925702e-05
1192,0.1158107774959967,3.630615491533611e-05
1193,0.11584399043499478,7.330244000815355e-05
1194,0.11573641248691108,3.5068077647633586e-05
1195,0.11579385480863619,7.111454859904976e-05
1196,0.11571070599118377,3.9475449771402e-05
1197,0.11576606665282506,6.373441857359283e-05
1198,0.11572328511112893,4.8684066092343915e-05
1199,0.11575289874913249,5.208064564114201e-05
1200,0.11578195642262572,4.788036779426961e-05
1201,0.11581998477609848,4.9639488574404726e-05
1202,0.11584389372379887,4.934245381937399e-05
1203,0.11586382679466029,4.9524287176107366e-05
1204,0.11586642035107414,5.226035098782568e-05
1205,0.115864616701491,4.936068739536265e-05
1206,0.11587817433425848,4.992995858848754e-05
1207,0.11588812585756639,4.995235818053574e-05
1208,0.11589566989196388,5.0123943198131524e-05
1209,0.11590100289833435,5.023937668850022e-05
1210,0.11590497978964671,5.033936607924939e-05
1211,0.11590836724605794,5.039121347532174e-05
1212,0.1159121911646155,5.0346737733742234e-05
1213,0.11591663064164529,5.035616661462111e-05
1214,0.11591782069324442,5.099859395933998e-05
1215,0.11591605892842856,5.0801528205846565e-05
1216,0.1159158295059571,5.091440741204679e-05
1217,0.11591594894859482,5.1060056523465164e-05
1218,0.11591654112951441,5.108495834448793e-05
1219,0.11591821805409969,5.118943798519244e-05
1220,0.11591956337503015,5.172656740265428e-05
1221,0.11591957845334944,5.18052002994205e-05
1222,0.11592126583123098,5.1819551955168406e-05
1223,0.11592443433750527,5.2105001591435835e-05
1224,0.11592884973348484,5.186528815659527e-05
1225,0.1159366276979939,5.184327687075921e-05
1226,0.11594645754344714,5.1740651196650323e-05
1227,0.11595817853984677,5.168940523217876e-05
1228,0.11597120414375486,5.163499722204961e-05
1229,0.11598521631217894,5.159795277084102e-05
1230,0.11599988237521164,5.156883194730647e-05
1231,0.11601495932415172,5.1548614860585666e-05
1232,0.11603025092202718,5.153359672612e-05
1233,0.11605353611219617,5.175704787215749e-05
1234,0.11606642718951254,5.194768457405897e-05
1235,0.11607679545889253,5.256910765651113e-05
1236,0.11608448083559614,5.2579124502251e-05
1237,0.1160942718611462,5.222014395595036e-05
1238,0.1161086187098979,5.157490749221648e-05
1239,0.11612797477825958,5.098981714156646e-05
1240,0.116150029118568,5.079743045306004e-05
1241,0.11617193864343797,5.0526754983652016e-05
1242,0.11619353034753695,5.0302358482039396e-05
1243,0.11621427935089403,5.0094608316623885e-05
1244,0.11623383893780971,4.9877675311845564e-05
1245,0.11625203655565607,4.980049612526438e-05
1246,0.11626809431652844,4.9754829589718994e-05
1247,0.1162819190622663,4.975891428811786e-05
1248,0.11629350230054458,4.9785433862304114e-05
1249,0.11630302821784451,4.983700703816076e-05
1250,0.1163107107330797,4.991562721489276e-05
1251,0.11631679380689994,4.996874097064125e-05
1252,0.11632167817281733,5.008127477442292e-05
1253,0.11632552135989829,5.017026730719815e-05
1254,0.11632876443893511,5.031788908197385e-05
1255,0.11633148775692244,5.045558979539972e-05
1256,0.116334153923694,5.06696776298919e-05
1257,0.11633673469001321,5.080522009854782e-05
1258,0.11633993606276113,5.077713070599867e-05
1259,0.11634469027773585,5.091193698275334e-05
1260,0.11635032322628384,5.09393545726229e-05
1261,0.11635738046373677,5.105325512383354e-05
1262,0.11636552973265395,5.1117696046671504e-05
1263,0.11637504984163662,5.1178035389611926e-05
1264,0.1163859990496236,5.121945976956387e-05
1265,0.11639844205265223,5.125002175553072e-05
1266,0.11641237134877452,5.127159936398663e-05
1267,0.11642773520391053,5.128873119642184e-05
1268,0.11644446902801354,5.121970839370283e-05
1269,0.11646282270862904,5.119420309628637e-05
1270,0.11648495298434039,4.593461383978235e-05
1271,0.11652508558400278,5.778491556326049e-05
1272,0.11650944127795165,4.829675062005854e-05
1273,0.11654415098555106,5.06653211930842e-05
1274,0.11656756409186042,5.2278975404161226e-05
1275,0.11657988113846306,5.310070925618977e-05
1276,0.11658913900993684,5.3589158144849055e-05
1277,0.11660407849539332,5.049819911317453e-05
1278,0.11663903755889017,5.029503735724064e-05
1279,0.11667505984363201,5.032459981201309e-05
1280,0.11670865391864864,5.0294192677668345e-05
1281,0.1167392244478951,5.083314737886178e-05
1282,0.11676664726000852,5.014838610583274e-05
1283,0.1167968862169792,4.951267038477869e-05
1284,0.11682818615205362,4.967588052797011e-05
1285,0.1168558781269042,4.982971633393343e-05
1286,0.11687965143646636,5.031544308646599e-05
1287,0.11689928955775691,5.032622703197795e-05
1288,0.11691702416377943,5.101440149094198e-05
1289,0.11693152911863354,5.0775068629450085e-05
1290,0.11694666907917196,5.15824259429938e-05
1291,0.11695935133446389,5.120019965488384e-05
1292,0.1169745067801633,5.190874367725194e-05
1293,0.11698793644234216,5.130103575685929e-05
1294,0.11700555638846406,5.2047386257343166e-05
1295,0.1170216080058085,5.158968266733733e-05
1296,0.11704152072879222,5.2050057793141954e-05
1297,0.1170612124453115,5.1774911197265904e-05
1298,0.11708391671386743,5.1946689716724686e-05
1299,0.1171035998343354,6.0746882794250154e-05
1300,0.11709179749932193,4.955773424736443e-05
1301,0.11714084260403278,5.129756683303569e-05
1302,0.11718517823088893,5.021393199179171e-05
1303,0.11723108894027894,5.038349764201978e-05
1304,0.11727328564229218,5.018207076839928e-05
1305,0.11731302887387011,5.015523620483146e-05
1306,0.11734971922546325,5.0118984264797775e-05
1307,0.11738350928640465,5.0133144906494575e-05
1308,0.11741441142220538,5.0171579433358476e-05
1309,0.11744259973719998,5.024025414543267e-05
1310,0.11746828547256687,5.032959631782499e-05
1311,0.11749175929461007,5.043450955786924e-05
1312,0.11751335577198097,5.054806251771087e-05
1313,0.1175334427269843,5.0667556806568044e-05
1314,0.1175523879740491,5.078680230014079e-05
1315,0.11757056332808688,5.090195940926784e-05
1316,0.1175883242290918,5.100963663155569e-05
1317,0.11760599966389655,5.110719733217022e-05
1318,0.11762388407908543,5.119264288902309e-05
1319,0.11764223529636639,5.1254363880551105e-05
1320,0.11766130374163343,5.131509505951596e-05
1321,0.1176811852139039,5.1359774910924315e-05
1322,0.11770200581010856,5.1391359654929824e-05
1323,0.11772384379715133,5.140948258082358e-05
1324,0.11774674090636392,5.141557328697755e-05
1325,0.11777070047794361,5.141088881864975e-05
1326,0.11779569356483909,5.1397003488840153e-05
1327,0.11782166363218005,5.137556022651981e-05
1328,0.11784853209196426,5.134825408716453e-05
1329,0.11787620372350051,5.131675084773497e-05
1330,0.11790457202657087,5.128263856915087e-05
1331,0.11793352425675001,5.1247381207950886e-05
1332,0.11796294636944994,5.121151525139551e-05
1333,0.11799272968379905,5.117743457887252e-05
1334,0.11802276617237216,5.114466881911098e-05
1335,0.11805296098841042,5.1115919767553855e-05
1336,0.11808477130583125,4.445251602793174e-05
1337,0.11814127943683174,5.366870277731901e-05
1338,0.11815093718163562,5.14317637936349e-05
1339,0.11817050275138251,5.2204518525856635e-05
1340,0.11818984461059565,5.191327390112871e-05
1341,0.11821272682026951,5.1942769204707435e-05
1342,0.11823770372625156,5.184209295482052e-05
1343,0.11826494526585446,5.176759390275189e-05
1344,0.11829403026733323,5.16733456536362e-05
1345,0.11832470055593443,5.1579850212007766e-05
1346,0.11835663051155909,5.1485340635831946e-05
1347,0.11838951773522755,5.139466137789239e-05
1348,0.11842306609784793,5.131022635567239e-05
1349,0.1184570019273739,5.1234346346551276e-05
1350,0.11849107873759661,5.116858333813297e-05
1351,0.118525082802778,5.1114053309073775e-05
1352,0.11855883581647668,5.1071330263748085e-05
1353,0.11859219650711852,5.1040503886636984e-05
1354,0.11862503588953056,5.1032418349854815e-05
1355,0.11865720824708777,5.1049436080354897e-05
1356,0.1186887077757932,5.104310549713372e-05
1357,0.11871970333577361,5.1047287120494604e-05
1358,0.11875021221132874,5.105498634873997e-05
1359,0.11878027603953346,5.1067698455469e-05
1360,0.11880994063952895,5.10834125609741e-05
1361,0.11883926585227218,5.110115683068207e-05
1362,0.1188683185971941,5.1119708994063006e-05
1363,0.11889717028594793,5.113807385346336e-05
1364,0.11892589307231624,5.1155368077571854e-05
1365,0.11895455700880582,5.117087437463271e-05
1366,0.11898322758794444,5.11840313838937e-05
1367,0.11901196387392211,5.1194433552148993e-05
1368,0.11904081716494856,5.120182060364972e-05
1369,0.11906983017314773,5.120606459790935e-05
1370,0.11909903667140503,5.120715390817789e-05
1371,0.11912846155170476,5.120517565852519e-05
1372,0.11915812123149237,5.120029725560663e-05
1373,0.11918802040869633,5.1192543916673285e-05
1374,0.11921815638711136,5.118208722171682e-05
1375,0.11924853391628729,5.1169964487448834e-05
1376,0.1192791448358019,5.115600761904394e-05
1377,0.11930997697086346,5.11404655629991e-05
1378,0.11934101626992678,5.112360676101601e-05
1379,0.11937224776714106,5.1105594033153945e-05
1380,0.11940365714302971,5.108648949177664e-05
1381,0.11943529573378522,5.101151259574856e-05
1382,0.11946765281694488,5.0703963182812844e-05
1383,0.11950102398466059,5.0917647319330456e-05
1384,0.11953354821098883,5.045276758934968e-05
1385,0.11956660301923976,5.1325992771368566e-05
1386,0.11959700317731356,4.9976215703373034e-05
1387,0.11963081525312058,5.1828538028787625e-05
1388,0.11965861555888067,4.978046558486096e-05
1389,0.11969272891843728,5.195431695465588e-05
1390,0.11971978885097367,4.980312453342636e-05
1391,0.11975417854274893,5.1779442940765684e-05
1392,0.11978169981065492,5.007118987636263e-05
1393,0.1198159233805842,5.128461281381286e-05
1394,0.11984564735960433,5.042792030113291e-05
1395,0.11987903055675232,5.0759638444819994e-05
1396,0.11991133676166388,5.0459325020382555e-05
1397,0.11994518475150014,5.0260020043350046e-05
1398,0.1199796059392314,5.030879912766369e-05
1399,0.12001301523880015,5.0402797857860186e-05
1400,0.12004519313514748,5.053861640892714e-05
1401,0.12007617610649822,5.0698537777255326e-05
1402,0.12010614812679911,5.087367895378612e-05
1403,0.12013537106925096,5.105399348580044e-05
1404,0.12016415453817586,5.123516712999018e-05
1405,0.12019311983932945,5.119724038546588e-05
1406,0.12021436039715395,5.777091105339359e-05
1407,0.12022732619472033,4.381764845370947e-05
1408,0.12029601634644883,5.372366789846883e-05
1409,0.12032088394225024,5.1026655477052236e-05
1410,0.12035728032388192,4.9825676140064915e-05
1411,0.12040037176825237,4.997018949506987e-05
1412,0.1204405449342654,5.050410458491285e-05
1413,0.12047568313212886,5.111106788309357e-05
1414,0.12050676319071746,5.1832329565563066e-05
1415,0.12053480481489681,5.2092209737443174e-05
1416,0.12056314390126008,5.218169320261519e-05
1417,0.12059316451140645,5.221223359954115e-05
1418,0.12062517114079664,5.2207719633141716e-05
1419,0.12065917828896144,5.21323108915921e-05
1420,0.12069522183538216,5.2091231575100905e-05
1421,0.12073282651414047,5.2032775990087345e-05
1422,0.12077175389792856,5.1963764346640455e-05
1423,0.12081176440793907,5.188471833234667e-05
1424,0.12085261649917214,5.179966505527895e-05
1425,0.12089405427408625,5.171412343025249e-05
1426,0.12092782455546154,5.5856557133718244e-05
1427,0.12095161939855996,5.080088156024635e-05
1428,0.1210028037506555,5.1325147908616996e-05
1429,0.1210525209425071,5.082419635895507e-05
1430,0.1211019695788763,5.080834736491163e-05
1431,0.12114906202638308,5.069821960728003e-05
1432,0.1211941563180399,5.041825099834127e-05
1433,0.12123792031305211,5.02872498099102e-05
1434,0.12127945155581636,5.030845018375691e-05
1435,0.12131807302807258,5.03627400484873e-05
1436,0.12135388664032343,5.044005745935514e-05
1437,0.12138716121471933,5.052667854226649e-05
1438,0.12141824708170089,5.062690357825585e-05
1439,0.12144750492821271,5.0744337548189026e-05
1440,0.12147526849521967,5.0855961458598636e-05
1441,0.12150210819722615,5.0812880466640596e-05
1442,0.12152888821930848,5.086578813198823e-05
1443,0.12155527538677859,5.097891688009737e-05
1444,0.1215811450330307,5.1099970448879886e-05
1445,0.12160670830417805,5.120397870623868e-05
1446,0.12163230116902655,5.129086968587779e-05
1447,0.12165821079722529,5.1360417613981844e-05
1448,0.12168465672596532,5.141766031336477e-05
1449,0.12171176758396379,5.147154897543306e-05
1450,0.12173957109307254,5.153433814690111e-05
1451,0.12176817225967879,5.149208120584007e-05
1452,0.12179793102015977,5.152534872683528e-05
1453,0.12182893393382449,5.11656352681358e-05
1454,0.1218625887427057,5.0981962737520806e-05
1455,0.12189727494020651,5.016378012413499e-05
1456,0.12193069475780005,5.5551441533275745e-05
1457,0.12194443698973366,5.0969293949064274e-05
1458,0.12198332196405905,5.0102258582991366e-05
1459,0.12202689902928332,5.093321629187754e-05
1460,0.12206804934213314,4.6716299482472964e-05
1461,0.12212142967875587,5.1864468613161144e-05
1462,0.12214753454570246,5.1303715129504184e-05
1463,0.12217405152219248,5.184605475861842e-05
1464,0.1221995394599264,5.185348584834659e-05
1465,0.12222633487256825,5.1979669248327205e-05
1466,0.12225418141575381,5.201849874458162e-05
1467,0.12228523744695496,4.8818772373483956e-05
1468,0.12232511030986008,5.766607461472706e-05
1469,0.12233119348138151,5.064288498520528e-05
1470,0.12237275266422883,5.081135962348805e-05
1471,0.12241649395131639,5.045538250074599e-05
1472,0.12245966658417047,5.0516399723319286e-05
1473,0.12250044938373893,5.050327562519368e-05
1474,0.12253915515225837,5.053022336413496e-05
1475,0.12257585237267284,5.055665477968835e-05
1476,0.12261075549769286,5.059533170731333e-05
1477,0.12264404357739324,5.0640695554821804e-05
1478,0.12267593213684305,5.0660193157444296e-05
1479,0.12270675310243859,5.068803931979957e-05
1480,0.122736409038333,5.089839856094224e-05
1481,0.12276468469211507,5.0739018981924956e-05
1482,0.12279342666339318,5.083857834263421e-05
1483,0.12282155887266752,5.0930339172361524e-05
1484,0.12284917404837124,5.100810572159034e-05
1485,0.12287654597721898,5.103110879255419e-05
1486,0.12290406537719605,5.0989357084683975e-05
1487,0.12293208685801114,5.097698660473291e-05
1488,0.12296042397180855,5.1000977006755276e-05
1489,0.12298884031590179,5.1048991404229006e-05
1490,0.1230172422195142,5.1097194591582494e-05
1491,0.12304560355869146,5.097893304731758e-05
1492,0.12307467702852289,5.0929922290891025e-05
1493,0.12310409511309867,5.102706619788163e-05
1494,0.12313310820847598,5.114908291188465e-05
1495,0.12316173196490407,5.124875753996851e-05
1496,0.12319026650220882,5.133054513245743e-05
1497,0.12321895688149588,5.139094738845923e-05
1498,0.12324800126404328,5.143272672356359e-05
1499,0.12327753077783822,5.1457148053440756e-05
1500,0.12330766794364051,5.1377209214108494e-05
1501,0.1233387603771756,5.134404215315929e-05
1502,0.12337051816615736,5.109159085823495e-05
1503,0.12340354366272498,5.107235595144834e-05
1504,0.12343646377929189,5.1169282180689064e-05
1505,0.12346862984430215,5.1252836275311305e-05
1506,0.12350022225421663,5.132071645663755e-05
1507,0.12353147349128513,5.136941282077381e-05
1508,0.1235625680045728,5.143445920279656e-05
1509,0.12359351631160556,5.148261598258801e-05
1510,0.12362448212885122,5.1456352245267185e-05
1511,0.12365580644317434,5.141666716422967e-05
1512,0.12368747758232919,5.1369512967579576e-05
1513,0.12371940161029157,5.13192590296524e-05
1514,0.12375146143876255,5.126772124603955e-05
1515,0.12378353767290841,5.12166293880631e-05
1516,0.12381551557480172,5.116766270518621e-05
1517,0.12384728494155371,5.1123123187640113e-05
1518,0.12387874284068691,5.1082019442354034e-05
1519,0.1239098094152986,5.1044737026352724e-05
1520,0.12392760328233292,5.6863644710417466e-05
1521,0.12393633963615207,4.924236775436754e-05
1522,0.12398176469162112,5.092629564778324e-05
1523,0.12402121141646807,4.998383899561715e-05
1524,0.124061194649532,5.022259333773575e-05
1525,0.12409738492290863,4.966978892256085e-05
1526,0.12413279474347247,4.97450689248432e-05
1527,0.12416481662459465,4.9834103877262814e-05
1528,0.12419346708927108,4.996096611742837e-05
1529,0.12421906723615735,5.0002009443453974e-05
1530,0.12424253467349501,5.0228709299625566e-05
1531,0.12426355029711453,5.043444162108364e-05
1532,0.1242827373931489,5.063050431046521e-05
1533,0.12430070750046578,5.081116686121246e-05
1534,0.12431800973761956,5.0972431209298506e-05
1535,0.12433512782156214,5.1113814750774724e-05
1536,0.12435246384167939,5.123417375880769e-05
1537,0.12437034416749321,5.133381778081146e-05
1538,0.1243890190103901,5.141343573177227e-05
1539,0.12440866746304279,5.147438823994891e-05
1540,0.12442940261116547,5.1518493361257396e-05
1541,0.12445126508795291,5.150904936809411e-05
1542,0.12447439681995219,5.143732384606534e-05
1543,0.12449893291388345,5.1425570612230206e-05
1544,0.12452439678125217,5.141545556470367e-05
1545,0.12455059742449934,5.1397627894174225e-05
1546,0.12457742949908474,5.13766694573533e-05
1547,0.12460560365553884,5.0707025512118725e-05
1548,0.12463648499738049,5.0148211995558445e-05
1549,0.1246687314164036,5.056720711301579e-05
1550,0.12469751341391666,5.0689703150499335e-05
1551,0.12472437789798607,5.0855246697431147e-05
1552,0.1247496580824481,5.10481064315277e-05
1553,0.1247736588718992,5.115080726268797e-05
1554,0.12479710496207592,5.1278004137780816e-05
1555,0.12482016392615988,5.1345958470204304e-05
1556,0.12484326003391522,5.14093521364917e-05
1557,0.12486231789186474,5.929841104451346e-05
1558,0.12485587453733532,5.060930259963937e-05
1559,0.12489388135919836,5.046330386301965e-05
1560,0.1249350660429512,5.052170441056407e-05
1561,0.12497332748573282,5.021284071196374e-05
1562,0.1250099055370125,5.03350998922263e-05
1563,0.1250431566097134,5.026606954711899e-05
1564,0.12507395201057797,5.032513642711609e-05
1565,0.12510206304042334,5.035412977803574e-05
1566,0.12512785936982887,5.0417403541568205e-05
1567,0.12515150946765224,5.048265910367618e-05
1568,0.1251733035188567,5.0558291135670516e-05
1569,0.12519350408169302,5.0636376575510854e-05
1570,0.12521239235880852,5.071598781289956e-05
1571,0.12523023718961895,5.079388539494772e-05
1572,0.1252472968612267,5.08682579840057e-05
1573,0.12526380982716367,5.093726583297953e-05
1574,0.12527999167467735,5.099961618657517e-05
1575,0.12529603145727292,5.105432430768647e-05
1576,0.1253120899834766,5.110078164829975e-05
1577,0.12532829890268515,5.1138691230666303e-05
1578,0.1253447663158882,5.115623554804527e-05
1579,0.12536161549797664,5.1160328099844776e-05
1580,0.1253788899165789,5.1178373635905015e-05
1581,0.1253965021918392,5.1189938410390167e-05
1582,0.12541836750033128,4.341053932124354e-05
1583,0.1254675990717851,5.0901043258429824e-05
1584,0.12547680462127264,5.285805920978057e-05
1585,0.1254751305241951,5.243287372520372e-05
1586,0.12547867674074795,5.2853212518661296e-05
1587,0.12548476858929605,5.248584067917724e-05
1588,0.12549617380478212,5.253673831167636e-05
1589,0.12551071301333405,5.2261105390816306e-05
1590,0.12552903316766587,5.200533615631465e-05
1591,0.1255504068942114,5.172012791168149e-05
1592,0.12557413063576592,5.1637151354629934e-05
1593,0.12559871482887405,5.1534891912452984e-05
1594,0.1256238287703081,5.1431661012400506e-05
1595,0.12564916091104428,5.1385233947992296e-05
1596,0.12567424043618744,5.13317809238437e-05
1597,0.12569894200800177,5.127941345209508e-05
1598,0.125723155611551,5.1225538761124355e-05
1599,0.12574679438262723,5.117004917098831e-05
1600,0.12576971076778623,5.0996949073212615e-05
1601,0.1257922292179626,5.046020904651957e-05
1602,0.12581586701871028,5.031452883055361e-05
1603,0.12583831259876185,5.038134697805565e-05
1604,0.12585845249274002,5.03694305462947e-05
1605,0.1258767582687902,5.0410078380237834e-05
1606,0.1258932421913697,5.0442933479327456e-05
1607,0.1259081480964614,5.048573401992391e-05
1608,0.12592164395994246,5.053205510691815e-05
1609,0.12593391511113095,5.0580902470237755e-05
1610,0.12594484805954603,5.072822244232228e-05
1611,0.12595416273138657,5.0875675034632416e-05
1612,0.1259625518301907,5.091697738788623e-05
1613,0.12597088833728765,5.094385251380346e-05
1614,0.12597943316523935,5.0923564020721715e-05
1615,0.1259888810710812,5.074188672260648e-05
1616,0.12599974675473605,5.063844409185194e-05
1617,0.12601128313913662,5.058366555032088e-05
1618,0.12602277172110118,5.0619963160626854e-05
1619,0.12603358417212365,5.0690686777926e-05
1620,0.12604353034482768,5.083375523273536e-05
1621,0.12605233243066363,5.1073515878016083e-05
1622,0.12605986838741598,5.129724311318925e-05
1623,0.12606663240679813,5.147790172080424e-05
1624,0.1260732206191338,5.161464418083731e-05
1625,0.12608012633043691,5.1706936085262055e-05
1626,0.12608776190842616,5.1745772619448034e-05
1627,0.12609644519886876,5.174232913154659e-05
1628,0.12610632660511897,5.17049407517015e-05
1629,0.1261174232160776,5.1642407265176185e-05
1630,0.12612964798589318,5.156230685436789e-05
1631,0.12614284110267673,5.147083291073114e-05
1632,0.1261567954615884,5.1376721263595125e-05
1633,0.12617120229643686,5.129689691854371e-05
1634,0.1261854691195075,5.130050896047266e-05
1635,0.12619933924088653,5.12141809969946e-05
1636,0.12621322484811248,5.1117853598032365e-05
1637,0.12622706990199098,5.1014987245098575e-05
1638,0.1262407682918359,5.090327777747428e-05
1639,0.1262542328632283,5.0783499437606646e-05
1640,0.1262673911129677,5.065415667368925e-05
1641,0.1262801867673496,5.0515912488458545e-05
1642,0.12629256770085606,5.037021914236055e-05
1643,0.12630001933013243,5.198401998859752e-05
1644,0.12630655091010168,4.9722474836975935e-05
1645,0.1263203840690356,5.00248567722276e-05
1646,0.12633259147272025,4.972305357446904e-05
1647,0.12634411242984728,4.958367149691449e-05
1648,0.12635466965532452,4.940378683710986e-05
1649,0.12636428110029568,4.9219828737050316e-05
1650,0.12637800220425358,4.718682704753132e-05
1651,0.12638654902606605,5.067829505366412e-05
1652,0.12638710967859557,4.8688855971431056e-05
1653,0.12638870440206645,4.9316569275909764e-05
1654,0.1263873064076979,5.023402268669181e-05
1655,0.12638126082931736,5.008757174600304e-05
1656,0.12637593222793728,5.04817442147387e-05
1657,0.12636981941042044,5.058435699268788e-05
1658,0.12636424503560603,5.0826794937360015e-05
1659,0.12635911103002984,5.050464658383515e-05
1660,0.12635653100865107,5.075122230416437e-05
1661,0.12635405688453705,5.0974542253081084e-05
1662,0.12635177894989902,5.11990728137577e-05
1663,0.12635002594221825,5.115940171238274e-05
1664,0.1263499391770437,5.141960656703318e-05
1665,0.1263503331918965,5.164595480462275e-05
1666,0.12635144784985727,5.183987532651508e-05
1667,0.12635361753520813,5.199520500480147e-05
1668,0.12635710953380624,5.2107581315623894e-05
1669,0.1263621117466709,5.21818334677431e-05
1670,0.12636870572522935,5.2215307010064805e-05
1671,0.1263769040527769,5.221237659459022e-05
1672,0.1263866354779799,5.217504422673734e-05
1673,0.12639778008594962,5.1951174591696146e-05
1674,0.12641078922763363,5.17014363464918e-05
1675,0.12642532945852897,5.1365088461437665e-05
1676,0.12644093553115926,5.109327804760603e-05
1677,0.12645666447562806,5.1050719240585297e-05
1678,0.1264711277780777,5.1019980813400475e-05
1679,0.1264841196752682,5.0996639332571785e-05
1680,0.1264953835568099,5.154486726990917e-05
1681,0.12650305888582328,5.1625707612188674e-05
1682,0.1265096761459015,5.155160317940324e-05
1683,0.12651622735037663,5.146086718800731e-05
1684,0.1265227088266382,5.134590567318783e-05
1685,0.12652901237817976,5.0979129305586855e-05
1686,0.1265358773229188,5.0815772848694e-05
1687,0.12654207871775566,5.0751923511496824e-05
1688,0.12654694714716297,5.069681236156681e-05
1689,0.12655040763528888,5.066001338039943e-05
1690,0.12655243907709104,5.063104317713191e-05
1691,0.1265530868772398,5.06135142829775e-05
1692,0.12655240585844235,5.060426893187588e-05
1693,0.12655067533286385,5.0472222293669705e-05
1694,0.1265483611313217,5.044427714694791e-05
1695,0.1265448868502667,5.051342290420054e-05
1696,0.12653993551702036,5.057101743812573e-05
1697,0.12653376369771255,5.062874959746258e-05
1698,0.12652657718282886,5.07219688501836e-05
1699,0.12651852142033967,5.077076430067466e-05
1700,0.1265099945854753,5.082469187461681e-05
1701,0.12650116034430625,5.086548247352986e-05
1702,0.12649220231833466,5.090076853961215e-05
1703,0.12648321236617055,5.095465496582737e-05
1704,0.1264740824531416,5.1074938538147535e-05
1705,0.1264648163788382,5.103859373747478e-05
1706,0.12645662912899386,5.0716787216479476e-05
1707,0.12645006109838147,5.077615086537476e-05
1708,0.12644327139158223,5.0740665143266575e-05
1709,0.12643647094631727,5.0747600340168996e-05
1710,0.12642951921560572,5.0751269580408644e-05
1711,0.12642240899590965,5.07731664506316e-05
1712,0.12641497040046323,5.0891743523079434e-05
1713,0.1264070405952071,5.086815094003029e-05
1714,0.1263992975562829,5.0867780025809114e-05
1715,0.12639168785805285,5.0853129118124594e-05
1716,0.1263842253689621,5.084075268920593e-05
1717,0.12637686421948552,5.082674409436058e-05
1718,0.12636956873843125,5.0812714419676955e-05
1719,0.12636229955818098,5.0798955492314295e-05
1720,0.12635501833835602,5.078571235902088e-05
1721,0.12634768905204696,5.077339355928989e-05
1722,0.1263404864569772,5.059876478923785e-05
1723,0.12633380567824537,5.037026335879339e-05
1724,0.12632743446730618,5.0270898098663016e-05
1725,0.1263206791456379,5.0387973757883006e-05
1726,0.12631255181983583,5.052118686631356e-05
1727,0.12630318749553912,5.0631841894737684e-05
1728,0.12629297067618436,5.072614099166367e-05
1729,0.12628222532549008,5.079032846840904e-05
1730,0.1262712430888753,5.0853884216104255e-05
1731,0.1262601614229539,5.090115346264711e-05
1732,0.1262491309132861,5.093575335042664e-05
1733,0.12623825722860604,5.09569792259368e-05
1734,0.12622761303073277,5.096750406799685e-05
1735,0.1262172319365665,5.0968478833854434e-05
1736,0.12620412684653565,5.7149046052219876e-05
1737,0.1261723072937475,5.014900452420911e-05
1738,0.12617304450024067,5.049811117996156e-05
1739,0.12617490036090673,4.9818988522249804e-05
1740,0.1261768628923908,5.0053159360773936e-05
1741,0.12617561857062556,4.9826464697732436e-05
1742,0.1261726226177688,4.998992332008691e-05
1743,0.12616672036685644,4.995683420417011e-05
1744,0.1261588039140673,5.007363416375309e-05
1745,0.12614865379017012,5.012417509855016e-05
1746,0.12613678333014197,5.022954012880177e-05
1747,0.12612332396811626,5.029371855197645e-05
1748,0.12610869320194737,5.0394307052545654e-05
1749,0.1260930120086578,5.0489612127701985e-05
1750,0.1260765428228211,5.058563193823108e-05
1751,0.12605952202462883,5.0671638610367444e-05
1752,0.12604219331694602,5.075021556122943e-05
1753,0.1260247567802296,5.0817849515383506e-05
1754,0.1260073878649238,5.0875121267170144e-05
1755,0.1259902243227411,5.092107063800434e-05
1756,0.12597337298032618,5.0956138027484236e-05
1757,0.12595690756789377,5.0980527039576826e-05
1758,0.12594087261789208,5.0994994254519976e-05
1759,0.12592528519369425,5.1000353093041465e-05
1760,0.12591013855647357,5.0997654118786175e-05
1761,0.12589540536845187,5.098801247018615e-05
1762,0.12588104146858173,5.097262383743323e-05
1763,0.12586698947278072,5.095268814784963e-05
1764,0.12585318240470827,5.0929388322904485e-05
1765,0.12583954709159387,5.090384879350288e-05
1766,0.1258260073308888,5.0877113144732916e-05
1767,0.12581248672068346,5.085012095348787e-05
1768,0.12579891113197095,5.082369391276236e-05
1769,0.12578521078325497,5.0798525771764346e-05
1770,0.12577132191112256,5.0775178271748804e-05
1771,0.12575718803570352,5.0754081280619546e-05
1772,0.1257427608361735,5.0735537117824916e-05
1773,0.12572800065991716,5.0719728121516456e-05
1774,0.12571287669770717,5.070672698087986e-05
1775,0.1256973668628599,5.069650901334679e-05
1776,0.12568145741715864,5.0688965854102385e-05
1777,0.12566514238761645,5.06839199058653e-05
1778,0.12564842281961092,5.0681139027116125e-05
1779,0.1256313059104781,5.068035095835554e-05
1780,0.12561380406576553,5.0681257120473626e-05
1781,0.1255959339171606,5.068354537335145e-05
1782,0.12557771533727385,5.0686901569165185e-05
1783,0.12555917048171467,5.069101963040182e-05
1784,0.12554032288439343,5.0695610079868793e-05
1785,0.12552119662678118,5.070040693600804e-05
1786,0.125501815596978,5.0705172999803756e-05
1787,0.12548220284959413,5.0709703555181e-05
1788,0.12546238007302596,5.0713828590898355e-05
1789,0.12544236716634416,5.071741365366435e-05
1790,0.12542218192479984,5.072035950154912e-05
1791,0.12540183982919814,5.072260068448482e-05
1792,0.12538135393241834,5.072410329779783e-05
1793,0.1253607348336935,5.072486198317601e-05
1794,0.1253399907304029,5.072489649976185e-05
1795,0.12531912753529978,5.072424787589808e-05
1796,0.12529814904763767,5.0722974440237166e-05
1797,0.1252770571654648,5.072114779195056e-05
1798,0.12525585212758733,5.0718848883369743e-05
1799,0.12523453277367433,5.071616427666323e-05
1800,0.125213096812365,5.071318273785767e-05
1801,0.1251915410878589,5.070999214564362e-05
1802,0.12516986183720608,5.07066768503785e-05
1803,0.12514805493137154,5.0703315448248874e-05
1804,0.1251261160947719,5.069997902819113e-05
1805,0.12510403997769062,5.068999797283871e-05
1806,0.12508184753499452,5.068263282462755e-05
1807,0.12505951922846134,5.068069539874896e-05
1808,0.12503702461817656,5.067957780976689e-05
1809,0.12501435928887292,5.0678931759198096e-05
1810,0.12499152462016302,5.067853762711975e-05
1811,0.1249685236777611,5.067833674162702e-05
1812,0.12494536005982303,5.067827437165287e-05
1813,0.12492203761708864,5.067830344234017e-05
1814,0.1248985602969908,5.067838137792427e-05
1815,0.12487493202412649,5.067846979242593e-05
1816,0.12485115660466806,5.067853565652949e-05
1817,0.12482723757094828,5.0678607616552327e-05
1818,0.12480317794516754,5.067870405668178e-05
1819,0.12477898069753723,5.067854839472367e-05
1820,0.12475464929558283,5.067830566572712e-05
1821,0.12473018607511577,5.067794590419634e-05
1822,0.1247055930023601,5.067748274515399e-05
1823,0.12468087163321982,5.067691819564039e-05
1824,0.12465602319015284,5.0676262202984016e-05
1825,0.12463104858188626,5.0675526534242786e-05
1826,0.1246059484430302,5.067472601383246e-05
1827,0.12458072317290626,5.067387744176885e-05
1828,0.12455537297822196,5.067299927275686e-05
1829,0.12452989788295102,5.067216788223479e-05
1830,0.1245042973877588,5.067176738594122e-05
1831,0.1244785700926253,5.067101373062172e-05
1832,0.12445271788177337,5.067032216599364e-05
1833,0.12442674090457484,5.066968784715491e-05
1834,0.12440064499706711,5.066113190289832e-05
1835,0.12437445447760853,5.065934215874852e-05
1836,0.12434813450449589,5.06592501033444e-05
1837,0.12432167455794409,5.065922641151357e-05
1838,0.12429507641346699,5.06595089328875e-05
1839,0.12426834195121392,5.0660005129418706e-05
1840,0.12424147355105264,5.0660727311517496e-05
1841,0.12421447368394165,5.0661663325887146e-05
1842,0.12418734488948235,5.066281586213601e-05
1843,0.1241600896447167,5.066419072845768e-05
1844,0.12413435929572925,4.473535370236978e-05
1845,0.12412870851704917,5.1498986446334936e-05
1846,0.12409123629294291,5.163568482655856e-05
1847,0.12405134197263079,5.206874278969334e-05
1848,0.12401243872052453,5.216976703939269e-05
1849,0.12397601356337397,5.21965134239989e-05
1850,0.12394185556769113,5.167085921836537e-05
1851,0.12391216693597483,5.1248515766580684e-05
1852,0.12388593581537889,5.104819306619597e-05
1853,0.12386181507706094,5.0528825445775786e-05
1854,0.12383979152301891,5.051385700829745e-05
1855,0.12381719083358872,5.0427988995785295e-05
1856,0.12379394445330076,5.04017547491916e-05
1857,0.12376979530474552,5.037050250516479e-05
1858,0.1237447472422155,5.035248436644495e-05
1859,0.12371878763956366,5.0346994189492066e-05
1860,0.12369191564105628,5.035129795072423e-05
1861,0.12366416392193498,5.0363185403858355e-05
1862,0.12363558968396296,5.038162566896673e-05
1863,0.12360626406589106,5.040520819374625e-05
1864,0.12357626916738837,5.0432653700865514e-05
1865,0.12354569399375559,5.046266047486739e-05
1866,0.12351463124236374,5.049400668802787e-05
1867,0.12348317415346427,5.0525556252003384e-05
1868,0.12345141376028324,5.055629163316356e-05
1869,0.12341943648253387,5.05853291196898e-05
1870,0.1233873221291203,5.0611932258739465e-05
1871,0.12335514231268836,5.063551831781762e-05
1872,0.12332295928207998,5.065565991107748e-05
1873,0.12329082516065559,5.067208174507686e-05
1874,0.12325878157959959,5.068464103036957e-05
1875,0.12322685967678895,5.069335586636541e-05
1876,0.12319508029674686,5.0698352045022957e-05
1877,0.12316345461805729,5.0699850957158874e-05
1878,0.12313198499281722,5.0698163854193975e-05
1879,0.12310066591129641,5.0693668518387394e-05
1880,0.12306948511524712,5.06867911647145e-05
1881,0.12303842479554185,5.06779878270841e-05
1882,0.12300746283004788,5.0667727019632574e-05
1883,0.12297657401872165,5.06564737130417e-05
1884,0.12294573127829242,5.064467507097529e-05
1885,0.12291490676451311,5.0632748219505185e-05
1886,0.12288407289446278,5.0621070213048065e-05
1887,0.12285320324827882,5.06099703119936e-05
1888,0.12282227333478159,5.059972455961014e-05
1889,0.12279126121176485,5.059055259700425e-05
1890,0.1227601479570396,5.058261661424719e-05
1891,0.12272891799130971,5.057602217123231e-05
1892,0.12269755925869028,5.057082072772896e-05
1893,0.12266606327466387,5.056701354489411e-05
1894,0.12263442505410654,5.0564556672912484e-05
1895,0.12260264293522033,5.056336674561163e-05
1896,0.122570718316054,5.056332719905746e-05
1897,0.12253865532237937,5.05642946843129e-05
1898,0.12250633980855416,5.043086047357517e-05
1899,0.12247439371355869,5.0419833291177325e-05
1900,0.1224266698306457,4.779725059023693e-05
1901,0.12238056379131902,5.9835316730324096e-05
1902,0.12227980984189149,6.416329169941856e-05
1903,0.12216804761300576,6.5083572049669e-05
1904,0.1221141566441562,3.842433650148265e-05
1905,0.1222164754721292,1.3549623298692812e-05
1906,0.12238225061203772,3.3092977468013933e-05
1907,0.12240920591174492,3.878706023613297e-05
1908,0.12236538078379643,4.681967782545294e-05
1909,0.12226663032060613,5.31602115200528e-05
1910,0.12213534610428742,5.8846113203915424e-05
1911,0.12198818249948239,6.326761541089019e-05
1912,0.12184196170813964,6.628361199766685e-05
1913,0.121723001284288,5.919862757749811e-05
1914,0.12164872041413158,7.011264563777054e-05
1915,0.12155000210235352,6.968280711038509e-05
1916,0.12147978599193875,7.015773409480117e-05
1917,0.12144230096772679,6.522556130003905e-05
1918,0.12145668839966965,6.239516774967285e-05
1919,0.12151687137904547,5.02066379174278e-05
1920,0.12164781884378661,4.064014680603658e-05
1921,0.1218072877586439,3.874985665700815e-05
1922,0.12193854634960205,4.222878612256535e-05
1923,0.12201832843107728,4.538869240599943e-05
1924,0.12205186574393673,4.594713833189956e-05
1925,0.12206454652480327,4.935426357632429e-05
1926,0.12204819430810297,5.2146235974233045e-05
1927,0.12201422887390155,5.332573328537388e-05
1928,0.12197685041217561,5.190240910698801e-05
1929,0.12195068607101969,5.066191625325227e-05
1930,0.12193469331686149,4.8349094552003306e-05
1931,0.1219306060484748,4.891872565094624e-05
1932,0.12192513381227982,4.449491315220149e-05
1933,0.12193673057823964,4.440226712924557e-05
1934,0.12194391706449091,4.285926367225634e-05
1935,0.12195050415585858,4.206051262016973e-05
1936,0.1219511242070676,4.645388493603546e-05
1937,0.12193363775853205,3.581273095590968e-05
1938,0.12194510105710031,4.8678604995703394e-05
1939,0.12190748356632468,3.431829054451489e-05
1940,0.1219156527315535,4.385251590249431e-05
1941,0.1218792283045999,4.326683615331875e-05
1942,0.1218381920028115,4.480734174083548e-05
1943,0.12178885618216875,4.5576770989096844e-05
1944,0.12173670673349876,4.948611407268292e-05
1945,0.12167101832380568,4.969539774542681e-05
1946,0.12160933367488638,5.572577738059135e-05
1947,0.1215411600835468,4.328129861253107e-05
1948,0.12153675663712969,4.419087898944564e-05
1949,0.12155994194697148,2.8740673035366817e-05
1950,0.1217071749531308,-7.051598064437225e-06
1951,0.12192002560224993,2.3953889274625406e-05
1952,0.12189396694308993,3.234852562474625e-05
1953,0.12178708505393254,3.037920591180122e-05
1954,0.12169717974054092,1.5946264957107943e-05
1955,0.12163858321605912,2.071705224377655e-05
1956,0.12153594697820765,1.807091572223584e-05
1957,0.12142431601308896,4.296120066490849e-06
1958,0.1213483497262015,-4.324283644972291e-06
1959,0.1212727471522094,-1.1824888958295346e-05
1960,0.12117801492251577,-2.0712374459586535e-05
1961,0.12105636474712378,-2.4413347904219862e-05
1962,0.12087184212375796,-2.4972320273385318e-05
1963,0.12060287781218068,-2.2101536339008403e-05
1964,0.1202386243642315,-2.1213955450077015e-05
1965,0.11960642714203555,2.6691113937160453e-05
1966,0.11865749940806651,4.816478230411851e-05
1967,0.11757441145935008,5.799829888515458e-05
1968,0.11650090372807008,5.817927333215214e-05
1969,0.11560689211022399,2.9488209379252807e-05
1970,0.11489601192179247,5.567900866857087e-05
1971,0.11412059982243275,3.48871423388595e-05
1972,0.11340695758147426,6.216717988147003e-05
1973,0.11254282908076862,7.374589010517676e-05
1974,0.11158083128774753,0.0001111268181132655
1975,0.11044058147054296,0.00011881901394414388
1976,0.10930422505914056,0.0001417482606210506
1977,0.10823436273438745,0.00011320336310719941
1978,0.10754184221807356,9.28863120715246e-05
1979,0.1070275096217362,9.69210349224922e-05
1980,0.1064316920334624,0.00013185698614017312
1981,0.10534837100350762,0.00023303143992587852
1982,0.10372587578571613,0.00024490071031843015
1983,0.10219210709174605,0.00026378229319924006
1984,0.10087596944759225,0.0002317992708800961
1985,0.10032246050208195,8.094178873277935e-05
1986,0.10085636074355786,0.00011256766278887825
1987,0.10091001907571913,0.00020284539058304236
1988,0.10031754520613029,0.00016460506520757595
1989,0.10001145361062026,0.00017952481171522054
1990,0.09970110763419587,0.00013700238224291253
1991,0.09976392399962156,0.00012687052837136124
1992,0.09993215231914611,7.70822228398137e-05
1993,0.10043248083017514,3.48400034414913e-05
1994,0.10110242143803473,2.8459522318275755e-05
1995,0.10163609304587422,2.645965220486772e-05
1996,0.10203008480843972,1.986647706163388e-05
1997,0.10242065314250935,-2.120522359721652e-05
1998,0.10304683248700133,-3.550833995364406e-05
1999,0.103734556352672,-5.073773702574145e-05
