,y,z,phi,vy,vz,phi_dot
0,5.0,5.0,0.0,0.0,0.0,0.0
1,5.004016464722158,5.000550161446611,0.0018105064308215596,-0.018586041678931173,0.3606897452335748,-0.01534721340208044
2,5.0071961195631305,5.015527180766972,0.030943178105060292,-0.04523511186790404,0.7212936324025813,1.3661082621708542
3,5.0088204689251405,5.042332316480476,0.07892670788285303,-0.09770654331590645,0.9518780094347559,0.9271956917756177
4,5.008224695411479,5.074235588871992,0.09535737483299517,-0.15252345291932276,0.9763802908829047,-0.21153487921167086
5,5.005562906936423,5.105517925394077,0.0745059467114366,-0.19877310909851284,0.9210302771519444,-0.9369090618094122
6,5.001268038099078,5.134372036424094,0.02339242303562727,-0.23261057684829364,0.855004037368012,-1.7246396569242046
7,4.9959778300965665,5.16095040930101,-0.02801416510390713,-0.24836214472601353,0.8070880289983068,-0.9515622849956663
8,4.99033920165797,5.1860409264261635,-0.03945441567493857,-0.2522266703224458,0.7805903382668029,0.2736772215009376
9,4.9845501895804265,5.21037986637969,-0.026134948304966668,-0.25738832691852587,0.7695596553637608,0.28642361205449707
10,4.978459015973592,5.234443931693787,-0.01379810285029298,-0.26728724672024917,0.7668369045797102,0.22454612573602734
11,4.971886692591932,5.258448768287562,-0.005787443226008988,-0.2811725805980301,0.7665894096394986,0.07011432053501276
12,4.964711863678987,5.282427910732975,-0.0029693880968870356,-0.29707960744073364,0.7655492992209265,-0.03508409902207377
13,4.956888000432906,5.30632853270723,-0.0029206849731767894,-0.3134478688768754,0.76266305420907,-0.06835327973557213
14,4.948414467194753,5.330080921677062,-0.005857945728340426,-0.3293744748930666,0.758136894267744,-0.1843822929657674
15,4.939332728871915,5.3536300957598915,-0.009393777563548145,-0.34382128146434965,0.7525008286326077,-0.09828183373777616
16,4.929691767596136,5.376940158612521,-0.009999753622458776,-0.3575211504150848,0.7461821742008431,-0.03788950415091338
17,4.919503499601078,5.399990445289894,-0.009977205462537057,-0.37122641284425745,0.7395123464448559,-0.06685562279615893
18,4.908767419796562,5.422769188623261,-0.009279137604633985,-0.38495438911636437,0.732605399379262,-0.004113519251845739
19,4.897473649985819,5.445266434751233,-0.008506632922659631,-0.3991156741523712,0.7254376287780867,-0.06313378159259479
20,4.885612105979813,5.467471271618981,-0.008989823666424531,-0.41326419095642536,0.7179843434271224,-0.06689829053880834
21,4.873188695529183,5.4893710019356385,-0.00970396553279337,-0.4271946515168242,0.7101820762832,-0.0746813377227917
22,4.860213849415006,5.510951366806171,-0.010471157912280255,-0.440832833751587,0.7020158919254981,-0.06955081619471051
23,4.84669877586594,5.5321980564580855,-0.011111855819922238,-0.4542141446078603,0.6934982539294194,-0.06835661413054679
24,4.8326531062094995,5.55309734558067,-0.011719510428257444,-0.4673648809795014,0.684645768673587,-0.06789865122937153
25,4.818085894694711,5.573636041218518,-0.012333206560953344,-0.4802910233803835,0.6754684617820829,-0.06865869034858163
26,4.803006253262161,5.593801252509748,-0.012975753018991811,-0.49298473383298386,0.6659714129611907,-0.06934116749649975
27,4.787423681134844,5.613580272192874,-0.013644219727098776,-0.5054360991924508,0.6561587378646276,-0.06995470285200651
28,4.77134805220978,5.632960576171321,-0.014335521467591006,-0.5176363075943761,0.6460354800133973,-0.07048291911576303
29,4.754789570455953,5.651929863093483,-0.015047772136664295,-0.5295775913873895,0.6356077329321699,-0.07100214928105962
30,4.737758742288829,5.6704760873417275,-0.015780701094238448,-0.5412524944965718,0.6248821887064886,-0.07151683354080614
31,4.720266370590872,5.688587476363461,-0.016534051913780365,-0.5526536485095142,0.6138658084968782,-0.07202324237944795
32,4.702323552358956,5.706252538954536,-0.017308748843939535,-0.5637736424226468,0.602565697327864,-0.07258413907166864
33,4.683941690778993,5.72346007028381,-0.01810547136377351,-0.5746045930124307,0.590989068650535,-0.07312452186318795
34,4.665132496898906,5.740199155946843,-0.018917796545233703,-0.5851394319206255,0.5791432383128055,-0.07336427215297951
35,4.6459079098577085,5.7564591792414275,-0.019744979812237204,-0.5953734691199974,0.5670357711314191,-0.07386742614035377
36,4.626280083958405,5.772229830870048,-0.02059015977176947,-0.6053003950661853,0.5546744673925481,-0.07426410677941761
37,4.606261427196327,5.787501113163305,-0.021453379697400052,-0.6149140270726556,0.5420671114000464,-0.07476942444526938
38,4.585864606631302,5.802263342874947,-0.022335114052465927,-0.6242075677151179,0.529221639162579,-0.07518982825118242
39,4.5651025525684865,5.816507157202832,-0.023233567098317677,-0.6331747927249799,0.5161461400213605,-0.07560535898456285
40,4.543988436113592,5.830223521087258,-0.02414767773323869,-0.6418098404580307,0.5028489112088522,-0.0759727077046457
41,4.522535653243782,5.84340373461109,-0.025076470673156003,-0.6501073234008492,0.48933841286708335,-0.07633947423437781
42,4.500757811529126,5.856039438961224,-0.02601946910343031,-0.658062018345115,0.4756232395405986,-0.07668298222249537
43,4.4786687229995445,5.868122621284612,-0.026976043540306596,-0.6656689347740551,0.46171209509209027,-0.0770182745644769
44,4.456282395873361,5.879645619188185,-0.027945627052294204,-0.6729232497330945,0.4476137987338842,-0.07733343597806142
45,4.433613026796402,5.890601125338479,-0.02892753691543615,-0.6798203717777309,0.433337284624054,-0.07763459212219402
46,4.41067499182228,5.900982192081953,-0.02992111565100168,-0.6863559202226867,0.4188916027732798,-0.0779168795992402
47,4.387482837564068,5.910782235943989,-0.030925658529644177,-0.6925257505253567,0.40428591242869666,-0.07818279927604269
48,4.364051271857852,5.919995041884601,-0.03194046907552256,-0.6983259454027386,0.3895294762967565,-0.07843026296103452
49,4.340395154491782,5.928614767287539,-0.03296482728506196,-0.7037528258299924,0.37463165314823915,-0.078660182459094
50,4.316529498078517,5.93663594590152,-0.03400641592757544,-0.7088019115208393,0.3596018852597846,-0.07929178460973736
51,4.292469574116986,5.944053487551215,-0.03507424481501311,-0.713464657145641,0.34444952778787036,-0.07997219470530449
52,4.268231015754798,5.950862671894431,-0.03615318945698819,-0.7177330128096004,0.32918376702930807,-0.07984757233660869
53,4.243829615482661,5.957059154667698,-0.03722049347433214,-0.7216075300878275,0.31381424489053233,-0.07939016347374649
54,4.219281021340973,5.962638993288301,-0.03827080915213157,-0.7250938065416986,0.2983513717009394,-0.0789981553593833
55,4.194600653349421,5.967598662789799,-0.039310972202783824,-0.7281968955265046,0.2828055904590881,-0.07888253211638704
56,4.169803796382374,5.971935047223327,-0.04035239186129555,-0.7309182200840928,0.2671868947867277,-0.07906098575235736
57,4.144905761658574,5.975645422609997,-0.04140458317368989,-0.7332551571389146,0.2515048897035474,-0.07942111481051754
58,4.119922502189748,5.978727641179845,-0.04285330257370145,-0.735155087840128,0.23577779672673516,-0.0988873901332179
59,4.0948750204600275,5.981179607335903,-0.04442386319186352,-0.7364588129850086,0.21999157597952235,-0.08551317571804307
60,4.069785620158026,5.982999066795767,-0.04544345530608707,-0.7372849383284706,0.20415362873803472,-0.07133896493629326
61,4.0446694620173425,5.9841845900209885,-0.04602867094663675,-0.7378234313948361,0.18829578874069236,-0.06379435203434923
62,4.019535601375606,5.984735936204653,-0.04651282830391862,-0.7381762753632716,0.17244496146776742,-0.06628605077290242
63,3.994391584262252,5.98465353755495,-0.04719241227634129,-0.7383192285811496,0.15660789502081074,-0.07356568279138989
64,3.969247594830034,5.983937866149356,-0.04815668292160911,-0.7381573761790011,0.1407803516256538,-0.0805203844151588
65,3.944117861413567,5.982589278840874,-0.049362309674848434,-0.737591577640619,0.1249611655525262,-0.08563348818996593
66,3.919020128971144,5.980608243574177,-0.05071575330818488,-0.7365482258660457,0.10915722109595091,-0.08791122842001463
67,3.8939743208826987,5.977995608582344,-0.05209821834129898,-0.7349935573128827,0.09338076856817576,-0.0870845581788478
68,3.869000839585238,5.974752758613346,-0.05340487278353176,-0.7329365236335328,0.07764639493345267,-0.0841206988759496
69,3.8441190657071345,5.970881670104898,-0.05458204332685853,-0.730416118313988,0.06196897484179293,-0.08061036323354663
70,3.819346576508123,5.9663848904764185,-0.0556377229127629,-0.727479724411622,0.04636199260411584,-0.07804615100483006
71,3.7946992476946084,5.961265463308312,-0.05663104037749247,-0.7241618905938438,0.030836587219739066,-0.07749225717480658
72,3.770192018798979,5.955526789475548,-0.057588663954523604,-0.7204768758981747,0.015399573459100431,-0.07626145661990873
73,3.745839278780397,5.949172557242143,-0.05850001614138413,-0.716440242351491,5.863117771865746e-05,-0.07517868766627514
74,3.7216548237614533,5.942206826732826,-0.0594058857102031,-0.7120629043269077,-0.015175510736700747,-0.07598732571783189
75,3.6976524075833823,5.934634063998152,-0.06035229360564797,-0.7073357375578698,-0.03029332117126433,-0.07720560399756977
76,3.673846362782791,5.926459079790098,-0.061342335650962566,-0.702241575812437,-0.04528695119044787,-0.07816903321131799
77,3.650251677991804,5.917687004811507,-0.06236140430594854,-0.696765871709572,-0.06014818542108583,-0.07865693448113968
78,3.6268838064860223,5.908323319815788,-0.06339488144886381,-0.6908999413435951,-0.07486773083825228,-0.07888945760778218
79,3.6037584458319856,5.898373886376827,-0.06442273286565778,-0.6846405890160591,-0.08943581229487736,-0.07837564817507502
80,3.580891214628168,5.887844947138857,-0.06539789332259793,-0.6779966295782984,-0.1038430339970791,-0.0762549096150924
81,3.558296985564416,5.876743150419827,-0.06627124655455603,-0.6709966735346368,-0.11807848061339882,-0.07328528692596956
82,3.535989266087241,5.865075627897546,-0.0670779592687941,-0.663675167368061,-0.1321292314690056,-0.07292288372909136
83,3.5139807155015026,5.852849986412462,-0.06793319276498908,-0.6560351235942455,-0.14598480039735087,-0.07571132602381547
84,3.4922846460288106,5.840074114019332,-0.06886896791424482,-0.6480460198588129,-0.1596413026972206,-0.07694996638212907
85,3.4709154600506005,5.82675602975781,-0.06980835874555634,-0.6396906117701242,-0.1730956135978559,-0.0758921101266066
86,3.449887673630315,5.812903992310816,-0.07069583923586097,-0.6309791388696285,-0.1863389390160393,-0.0743544493317826
87,3.429215164045276,5.798526692964995,-0.07154770503129343,-0.6219288538660308,-0.19935874128123893,-0.07411137538299797
88,3.408911325540623,5.783633268663638,-0.07238092554414152,-0.6125466137340487,-0.21214528594915855,-0.07342218520256565
89,3.388989277850773,5.7682331982834265,-0.07318271839734825,-0.6028411326162715,-0.22469108078996958,-0.0725399924009284
90,3.369461722724005,5.752336266221752,-0.07395094928517618,-0.5928239360074946,-0.2369883865300176,-0.07174408693362626
91,3.3503409095227936,5.7359525728593805,-0.0746918176368041,-0.5825056001046205,-0.2490291815379115,-0.07117186559092824
92,3.3316387198308655,5.719092531855724,-0.07541363527657569,-0.5718938058114352,-0.26080583578458155,-0.07079155134080836
93,3.3133667841670067,5.701766851976109,-0.07612168004926699,-0.5609936134986122,-0.2723112125351857,-0.07048322223691451
94,3.2955365576936857,5.683986521858077,-0.07681629812430824,-0.5498090371924149,-0.2835384330876414,-0.07012021645830568
95,3.2781593267303206,5.665762804912846,-0.07749420518401405,-0.5383447312754166,-0.29448062000045866,-0.06964767147014243
96,3.261246163067085,5.6471072414159655,-0.07815130279578592,-0.5266068190824524,-0.30513080244253077,-0.06907974406160919
97,3.244807864757319,5.628031650259594,-0.07878465325580677,-0.5146027923473805,-0.3154820248388945,-0.06846031388259219
98,3.228854911774197,5.608548125192269,-0.0793928844339302,-0.5023409661521488,-0.3255275068599429,-0.06782377996673657
99,3.2133974438250217,5.588669025747706,-0.07997592007646587,-0.4898299581207932,-0.33526074572506104,-0.06720053710320492
100,3.1984452571084803,5.568406965596008,-0.08053447934783423,-0.47707827652994406,-0.34467554148742396,-0.06659996140836989
101,3.184007812895359,5.547774800723311,-0.08106948321586202,-0.46409414696118756,-0.3537659796287401,-0.06602276693617679
102,3.1700942489989483,5.5267856187784,-0.08158127509466521,-0.4508855529503133,-0.362526388941846,-0.06543936194714037
103,3.1567133832380443,5.505452730290211,-0.08206931510308033,-0.43746056620852775,-0.37095129223984236,-0.06483517341677285
104,3.1438737048487275,5.483789661710733,-0.08253284194761382,-0.4238275582960617,-0.37903536932390913,-0.06421370375305943
105,3.1315833622034135,5.46181014893057,-0.08297129651094387,-0.4099951884039663,-0.38677346938815954,-0.06358155935660119
106,3.1198501529610176,5.439528129738213,-0.08338437331727235,-0.3959723173182805,-0.39416064961269287,-0.06294481590297984
107,3.1086815177434284,5.416957734952885,-0.08377195538103896,-0.38176792446093266,-0.4011922022881399,-0.06230682222850907
108,3.0980845365022924,5.394113278831857,-0.08413400254749914,-0.367391059273328,-0.4078636636941005,-0.06166807103765801
109,3.0880659260253167,5.37100924935634,-0.08447046078214968,-0.3528508315619393,-0.4141708113648651,-0.061027375638026155
110,3.0786320372723743,5.3476602987048105,-0.08478122373936564,-0.33815642638666105,-0.4201096577041399,-0.06038330716592911
111,3.069788851955695,5.324081233946459,-0.08506614360087847,-0.32331712386641065,-0.4256764456196275,-0.059735220852869884
112,3.0615419784800504,5.3002870078229565,-0.08532506148505276,-0.3083423101345249,-0.4308676485828152,-0.05908320829900269
113,3.05389664891727,5.276292709233152,-0.08555883092243387,-0.29324135176328103,-0.4356799908108166,-0.05847779851321138
114,3.0468577277127578,5.252113552761695,-0.08576746939991879,-0.2780233165046065,-0.4401104595778713,-0.057826660304192666
115,3.040429708541322,5.2277648686153855,-0.0859490336879568,-0.2626977997219146,-0.4441562758444265,-0.057124089040865696
116,3.0346166865901054,5.203262095461221,-0.08610263906399095,-0.24727506365563173,-0.44781480111311317,-0.05642871470400094
117,3.029422343642976,5.178620773162385,-0.08622887351142945,-0.23176542286790777,-0.4510836221197424,-0.05575554261108283
118,3.0248499532737143,5.153856531768936,-0.08632853232333838,-0.2161789601545059,-0.45396064417060544,-0.05509993292752177
119,3.0209023891013667,5.128985078667867,-0.08640136402206715,-0.2005256571714113,-0.4564440896133623,-0.054414186952074
120,3.0175821208521065,5.1040221885031185,-0.08644767882285442,-0.18481569122820987,-0.45853237638654387,-0.05377408803044815
121,3.0148912177618525,5.078983694236961,-0.08646885540032169,-0.16905884135456475,-0.460224176753127,-0.05315727578607285
122,3.012831364992308,5.0538854755670855,-0.08646530271562698,-0.15326459409453086,-0.46151847665174295,-0.052537624922349285
123,3.0114038680037067,5.0287434474942705,-0.08643664667963097,-0.13744249812405618,-0.4624145208090343,-0.05190210822100885
124,3.0106096454582163,5.003573551086032,-0.08638225516656738,-0.1216023613664127,-0.4629117597638662,-0.0512508510689696
125,3.010449218057613,4.9783917452460775,-0.08630165807628988,-0.1057542637420048,-0.46300985207095224,-0.05059182936031254
126,3.0109226995077525,4.9532139978475405,-0.08619473620822102,-0.08990845278986412,-0.4627086926907716,-0.04993461217940264
127,3.0120297925391903,4.928056275744499,-0.0860616981189578,-0.07407520879940578,-0.46200843953099624,-0.04928601830059397
128,3.0137697898055644,4.902934534003776,-0.08590294003590974,-0.05826474331458337,-0.4609095252309997,-0.048648612490162085
129,3.016141577691519,4.877864704953718,-0.08571889103142337,-0.04248715614301271,-0.45941265442263834,-0.048021472228677475
130,3.0191436407608294,4.852862687501564,-0.08550990986559144,-0.026752443055155478,-0.4575187933043767,-0.04740200442288351
131,3.0227740652809225,4.827944336882869,-0.08527625294756534,-0.011070529710657993,-0.4552291588470866,-0.046787684618969025
132,3.027030541294024,4.803125454768485,-0.08501809762142418,0.004548693160765354,-0.4525452120139002,-0.04617708401713178
133,3.0319103635381133,4.77842177954857,-0.08473559027515867,0.020095349041350657,-0.44946865582916606,-0.04557008361275099
134,3.0374104319161157,4.753848976627812,-0.08442889173075102,0.03555957359391155,-0.44600143673969456,-0.044967524110023784
135,3.043527252195947,4.729422628644611,-0.08409820447237226,0.05093152707359414,-0.4421457469591433,-0.044370647914196336
136,3.0502569373673447,4.705158225610937,-0.08374377909856606,0.06620141341686234,-0.43790402597761025,-0.04378061833865271
137,3.0575952097735377,4.681071155023239,-0.08336590587234607,0.08135949892987211,-0.43327896041880015,-0.04319825529350414
138,3.0655374039620114,4.657176692035312,-0.08296494027738593,0.09639613176182629,-0.42827348126534287,-0.04262599990164655
139,3.074078470512951,4.633489989645965,-0.08254125269707502,0.111301766387197,-0.4228907654879877,-0.0420621560259655
140,3.083213032160749,4.6100260849617,-0.08213386122882073,0.12607207237309512,-0.41713363750940763,-0.04344080550447761
141,3.0929358581899504,4.586799821805648,-0.0817192122944874,0.1407146362394307,-0.4110086073132384,-0.0416992827220142
142,3.103241512349474,4.563825824824333,-0.08122686670507459,0.15520853285037323,-0.40451987109672594,-0.039555972750502794
143,3.114123430473426,4.541118634892616,-0.08067432568967357,0.16952402144044784,-0.3976678834326952,-0.03868951142260408
144,3.1255741066816563,4.518692737667721,-0.0800988410185324,0.18364505032904674,-0.39045505618008947,-0.03840878996349469
145,3.1375856020561748,4.496562451362456,-0.07950546431903101,0.1975639189163819,-0.38288718290200163,-0.03779491000459339
146,3.1501496424723174,4.474741858522534,-0.0788854038524581,0.21127066211720427,-0.374970181602198,-0.03707460160991921
147,3.1632575069157207,4.4532448237132565,-0.0782359682667128,0.22475329905278682,-0.36670906473608555,-0.03632615404597373
148,3.176900000087812,4.432085021012645,-0.07757090063634577,0.2380011738574319,-0.3581084280245205,-0.03629299937883267
149,3.19106755791133,4.411275818280061,-0.07684254415038715,0.25100247431296674,-0.34917867712168693,-0.03316171126639482
150,3.205749861566275,4.3908306011325156,-0.07620330815806058,0.26374441554512024,-0.33990951886685744,-0.04074902406043494
151,3.2209378805553857,4.370762493280542,-0.07573871627036384,0.2762998167484722,-0.3303240161095752,-0.04189391649788673
152,3.236624934915791,4.35108388748718,-0.07526907858646029,0.28869595151627864,-0.32043433875559174,-0.0404967342500947
153,3.252804361183598,4.331806867104756,-0.07471390437099863,0.3009128779991567,-0.310244270434118,-0.03761708991998037
154,3.269468182456373,4.312943448184952,-0.07403969246877629,0.3129079516174056,-0.2997536212710135,-0.034544849912061824
155,3.2866065719724666,4.29450562317175,-0.07325660798230825,0.32463419796967863,-0.28896397557940673,-0.03217346070769371
156,3.3042079801997337,4.276505260403258,-0.07240045059191287,0.33605414541449974,-0.277880079298178,-0.03089120471569519
157,3.3222596689168067,4.25895398367001,-0.07151421320473385,0.34714631091045134,-0.26650944745772615,-0.030669460868511633
158,3.340748369348465,4.241863082825821,-0.07063370983796158,0.35790518123761494,-0.2548612260271893,-0.031177905736031315
159,3.3596608385826614,4.225243470803772,-0.06977888836452507,0.36833651835115644,-0.24294503951967844,-0.03195355553530106
160,3.3789841765046553,4.209105681132285,-0.06895220818644736,0.37845054552436835,-0.2307701526395116,-0.032584970503971196
161,3.3987058744544627,4.193459890766573,-0.06814336799368309,0.3882557676541384,-0.21834507164580605,-0.03284555480097404
162,3.418813663550101,4.178315950224394,-0.06733625332832992,0.39775528241462194,-0.20567758670570274,-0.03267124687452454
163,3.439294857268311,4.163683281436513,-0.0662126789666775,0.4069050813952953,-0.19278000870540665,-0.01702256998601184
164,3.460132593005398,4.149571449145023,-0.06512096717325877,0.4155845501985266,-0.17963580011232944,-0.03426437528620871
165,3.481310923768351,4.135989979557038,-0.06472881340496237,0.42398131501304914,-0.1662647728872637,-0.052000471242129295
166,3.5028233277361815,4.12294711382552,-0.06445316400782554,0.43229601078944124,-0.1527060655645677,-0.04008959384418871
167,3.524664962977803,4.110450111918863,-0.06362509669926905,0.4404062429831005,-0.13896919664701218,-0.024379575671145345
168,3.546823302981514,4.098506540269807,-0.06243458660773871,0.44810721112505547,-0.12503295368833384,-0.02196745469549551
169,3.5692803153166555,4.087124533396634,-0.06127739356607452,0.4553421174581391,-0.11089099729771644,-0.02604542816445414
170,3.5920180935979964,4.076311957710606,-0.06026770771597949,0.46215536206350255,-0.0965618906481355,-0.029342814273952213
171,3.6150207878933753,4.0660758472492535,-0.059337820551344296,0.4685932684815145,-0.0820679589505522,-0.03003536243744691
172,3.638273762030984,4.0564225205443885,-0.05841152919445451,0.4746696313235444,-0.06742262643716218,-0.029522604661222418
173,3.6617624748728366,4.047357896009317,-0.0574655050162851,0.48037892539823157,-0.05263268413113618,-0.02904872137346523
174,3.6854720847440428,4.038887636992797,-0.05650620001285625,0.4857136319808185,-0.037704208814473894,-0.02885856339824997
175,3.709387514013377,4.031017125189358,-0.0555414252835858,0.4906695625903323,-0.02264521098548961,-0.028775235081386814
176,3.733493561356169,4.023751390471149,-0.05457295222937183,0.49524431849374423,-0.007465248523758019,-0.028673647151073012
177,3.7577749335288217,4.017095070217138,-0.05359995298517186,0.4994355291270743,0.007825621281904777,-0.028548925582086923
178,3.7822162368206254,4.011052400280765,-0.05262209693895471,0.5032405748557721,0.023217377611114302,-0.028430807050214245
179,3.8068019734937506,4.00562721784726,-0.05163991657227398,0.506656931581698,0.03870010484587554,-0.028332709558907574
180,3.8315165513420246,4.000822964274213,-0.050654622650726205,0.5096824453083,0.054263924967109856,-0.02827512930686209
181,3.856344302665055,3.996642685248337,-0.04966691378372083,0.5123154611931233,0.06989893424801474,-0.028211962286027632
182,3.8812694953478775,3.993089029670479,-0.048676069664652606,0.5145543186521326,0.0855952018050895,-0.02811836670371943
183,3.9062763256885313,3.9901642496097316,-0.04768238587069585,0.5163971667464314,0.10134281363222683,-0.028069978541601457
184,3.931348924619043,3.987870200137871,-0.04668742511660971,0.5178426727451109,0.11713182991792295,-0.028054518697250057
185,3.9564713812982464,3.986208337148991,-0.045692106200420225,0.5188900377381852,0.13295223370970702,-0.02805207043643423
186,3.981627759107941,3.985179715023366,-0.0446968404293304,0.5195387378973839,0.14879396787727459,-0.02805717595223218
187,4.006802104008306,3.984784985879652,-0.043701989866365254,0.519788422685681,0.1646469766510673,-0.028072830842668758
188,4.031978451757922,3.985024399759376,-0.042708036793374475,0.5196389405908863,0.18050121163149208,-0.028102050450950735
189,4.057140836775175,3.985897804805438,-0.04171553981188383,0.5190903812088766,0.19634662611661657,-0.028145635417675268
190,4.082273302186563,3.9874046473305227,-0.040725068698114486,0.5181430910860613,0.21217317531789837,-0.02820334383701587
191,4.107359910111742,3.9895439720284123,-0.03973718351825174,0.5167976726722229,0.22797082315597111,-0.028274932113005226
192,4.132384751827507,3.9923144224932128,-0.03875243845818396,0.5150549809649408,0.2437295507913917,-0.02836034982676456
193,4.157331957837888,3.9957142420614535,-0.037771386905576035,0.5129161222545582,0.25943936423514513,-0.02845960748599745
194,4.182185707919432,3.999741274938063,-0.03679458215962139,0.5103824538462828,0.2750903009433651,-0.028572690159428718
195,4.206930241152172,4.004392967577962,-0.03582257637530889,0.5074555835043983,0.29067243600795234,-0.028699555568104832
196,4.231549865918641,4.009666370314419,-0.03485591984582408,0.5041373684334111,0.3061758883027015,-0.028840152900812537
197,4.256028969856583,4.015558139233859,-0.033895160809963916,0.5004299140162475,0.32159082665829347,-0.028994430249337667
198,4.280352029758689,4.022064538297854,-0.03294084537945312,0.49633557243599796,0.3369074760461752,-0.029162333168281356
199,4.3045036214149475,4.029181441712252,-0.031993517387010194,0.4918569411796547,0.35211612375111234,-0.029343802152730376
200,4.328468429392248,4.036904336542752,-0.031053718167421973,0.4869968613921012,0.3672071255208641,-0.02953877181101695
201,4.352231256744874,4.045228325575801,-0.03012198632715145,0.48175841606701253,0.3821709116828966,-0.029747171118615055
202,4.375777034649432,4.054148130423291,-0.02919885752388697,0.4761449280775648,0.39699799321721135,-0.029968923661319213
203,4.39909083195789,4.063658094869161,-0.028284864252822634,0.47015995805250715,0.41167896777787166,-0.030203947728622383
204,4.422157864662643,4.073752188455688,-0.02738053563421762,0.4638073021013985,0.4262045256570359,-0.030452156284285006
205,4.444963505846288,4.084424010437481,-0.0264868292619096,0.45709104707528164,0.44056546144653524,-0.030735060043471922
206,4.467493299943898,4.095666793528208,-0.025603701978831512,0.4500156070819292,0.4547526552436207,-0.03098111074578173
207,4.489732964069557,4.10747340805621,-0.024731004181101954,0.44258519487409614,0.46875710785666047,-0.03125653431089891
208,4.511668388352004,4.119836367264488,-0.023869917053613875,0.4348043368625369,0.4825699620445439,-0.03156164425785529
209,4.5332856533894015,4.1327478321075475,-0.023021334343480134,0.4266780108796525,0.4961824611126946,-0.03188175517861578
210,4.55457104501385,4.146199615440394,-0.022185733821873825,0.41821147306273804,0.5095859574206179,-0.0322107536842268
211,4.575511062951246,4.160183186982713,-0.021363482795209745,0.4094101545666623,0.5227719419934931,-0.032549229925727764
212,4.5960924274857895,4.17468967906043,-0.02055499848796275,0.40027965540484967,0.5357320540320393,-0.032899089655080926
213,4.616302086656508,4.189709892505614,-0.019760751973795926,0.3908257668085538,0.5484580795532835,-0.03326111957973588
214,4.63612722419259,4.205234302530565,-0.01898122932965377,0.3810544829750116,0.5609419515132723,-0.033635283156314366
215,4.65555526765024,4.22125306468997,-0.018216911229301455,0.3709720006236845,0.5731757540583489,-0.03402134676922807
216,4.6745738964256,4.237756021050345,-0.017468269821464166,0.3605847143918238,0.5851517286154193,-0.03441911778206563
217,4.693171049576842,4.254732706600091,-0.01673577022359456,0.34989921220346903,0.5968622798267094,-0.03482843726761224
218,4.71133493347066,4.272172355883405,-0.01601987110647907,0.3389222710594905,0.6082999808084184,-0.03524914181977132
219,4.729054029261225,4.290063909834814,-0.015321024334077143,0.3276608528094374,0.6194575779249907,-0.035681054503290684
220,4.746317100196287,4.308396022799848,-0.014639674527268443,0.3161220997313972,0.6303279953211164,-0.03612399009943256
221,4.763113198743322,4.327157069734503,-0.013976258796618641,0.30431332996637067,0.640904339329361,-0.03657775831123559
222,4.7794316735311035,4.346335153579127,-0.013331206535617559,0.29224203285906325,0.651179902783899,-0.03704216358186862
223,4.795262176103196,4.365918112803022,-0.01270493918257663,0.27991586421207953,0.6611481692417919,-0.03751700370924325
224,4.810594667479694,4.385893529115819,-0.01209786994246911,0.2673426414408223,0.670802817102005,-0.0380020692285393
225,4.825419427897011,4.406248735542548,-0.011512969314938129,0.25453067589944073,0.6801377317542951,-0.038625434338069996
226,4.839727100995921,4.426970824145987,-0.010953934493966236,0.24148987367027633,0.6891469790187952,-0.03929535955649365
227,4.853508728857771,4.448046651464631,-0.010407815177854775,0.22822915812750724,0.6978247279478514,-0.03927120958109164
228,4.866755587940188,4.469462849229296,-0.009875656893506184,0.21475224416095975,0.706165560678251,-0.03999341114463715
229,4.879459197283848,4.49120584033188,-0.00936633063579189,0.2010680583424059,0.7141644476436507,-0.040412810912806525
230,4.891611435894561,4.513261842618377,-0.00887989276856043,0.18718509406513476,0.7218161713767232,-0.04113783066877873
231,4.903204556132863,4.5356168706795055,-0.008417627279571013,0.1731136059321936,0.7291157855091801,-0.04162142982490883
232,4.914231197488575,4.5582567460058865,-0.007977622595642138,0.1588624869208635,0.7360585831578621,-0.042250870921805794
233,4.924684363642047,4.581167108875415,-0.007560674422770975,0.1444412306147446,0.7426402090443723,-0.042774255377794355
234,4.934557429017629,4.604333429441497,-0.00716626396820151,0.12985879482500473,0.7488565128157731,-0.04337775683689071
235,4.943844133290141,4.627741016693999,-0.006795144144652651,0.11512456720756807,0.7547035859324647,-0.04393878692882449
236,4.952538589685426,4.6513750272622945,-0.006447263589988051,0.1002477852183803,0.7601777191572626,-0.044539720281103666
237,4.960635285135275,4.675220474198042,-0.006123139384403914,0.08523793369448143,0.7652754424799556,-0.04512660438284771
238,4.968129086239561,4.6992622363217595,-0.005822897793821627,0.07010448576934784,0.7699935143852757,-0.04573385103119614
239,4.975015241141083,4.723485067728707,-0.005546902943382019,0.05485706091076624,0.7743289399087928,-0.04633894138998159
240,4.981289383703167,4.74787360754282,-0.0052953346299139566,0.03950531371354399,0.7782789653840543,-0.04695517787977354
241,4.986947535673212,4.772412389703681,-0.0050684613354675355,0.02405898955048691,0.7818410850993044,-0.04757369234106359
242,4.991986109613692,4.797085852840218,-0.004866469996864724,0.008527878536872695,0.7850130391267779,-0.048199275671954055
243,4.9964019108900795,4.821878350157985,-0.004689575415975394,-0.007078167464129945,0.7877928160836786,-0.048828530226737624
244,5.0001921398310465,4.846774159375629,-0.004537953812081009,-0.022749254618828513,0.7901786528833787,-0.04946292452170135
245,5.003354393396754,4.871757492689679,-0.004411782723905929,-0.038475445062969425,0.7921690363711003,-0.05010105601270283
246,5.005886666757067,4.896812506782844,-0.00431121628798693,-0.054246767640249036,0.7937627038802271,-0.0507431571345055
247,5.0077873545328115,4.921923312865058,-0.004236398914171049,-0.07005322153282895,0.7949586443052209,-0.051388509117858736
248,5.009055251837243,4.947073986747273,-0.0041874566550176365,-0.08588478405912406,0.7957560986711182,-0.052036912867628814
249,5.009689555033333,4.972248578938438,-0.004164501606247301,-0.10173141624470709,0.7961545607206858,-0.05268786963701253
250,5.009689862252513,4.997431124760161,-0.00416762899745213,-0.11758306964971232,0.7961537772139543,-0.053341034866387096
251,5.009056173648462,5.022605654471075,-0.004196918429871399,-0.1334296925215848,0.7957537481130638,-0.05399597169773451
252,5.0077888914007,5.047756203394628,-0.00425243283532636,-0.14926123629926716,0.7949547265694682,-0.0546522835181717
253,5.005888819460355,5.072866822043463,-0.004334218678040823,-0.16506766191972697,0.793757218766456,-0.05530954356070963
254,5.003357163042764,5.0979215862341265,-0.004442305487297017,-0.18083894621362046,0.7921619835936514,-0.05596733184525822
255,5.00019552786499,5.12290460718567,-0.004576705750243612,-0.19656508823960978,0.7901700321675308,-0.056625216245229724
256,4.9964059191299715,5.1478000415958425,-0.004737414626538957,-0.21223611563058986,0.7877826271907115,-0.05728276251269565
257,4.991990740257296,5.172592101688482,-0.004924409770954654,-0.227842090909353,0.7850012821533179,-0.0579395296512474
258,4.9869527913617056,5.197265065225772,-0.005137651117200964,-0.2433731177886255,0.7818277603748618,-0.05859507260422628
259,4.981295267480127,5.221803285478985,-0.005377080698983115,-0.2588193474423486,0.7782640738878595,-0.05924894142803945
260,4.975021756548441,5.2461912011514125,-0.005642622472565123,-0.27417098474816964,0.7743124821631756,-0.05990068219421907
261,4.968136237129215,5.270413346247156,-0.005934182157407174,-0.28941829449502576,0.7699754906787177,-0.060549836991041585
262,4.960643075891878,5.29445435987954,-0.006251647088283593,-0.3045516075533175,0.765255849331689,-0.06119594449593757
263,4.952547024846913,5.318298996012889,-0.0065948860839035285,-0.319561327002759,0.7601565506957715,-0.061838540228217345
264,4.943853218335836,5.341932133131526,-0.006963749328331818,-0.3344379342147463,0.7546808281245657,-0.062477156936355284
265,4.934567169778846,5.365338783829829,-0.0073580682702938174,-0.3491719948855224,0.7488321537020151,-0.06311132510490282
266,4.924694768182202,5.3885041043172786,-0.007777655539344692,-0.36375416501559493,0.7426142360414801,-0.06374057329079906
267,4.914242274407557,5.411413403832448,-0.008222304877391139,-0.378175196832337,0.7360310179346968,-0.06436442855468134
268,4.903216317205564,5.434052153959979,-0.008691791089834446,-0.3924259446521662,0.7290866738520771,-0.06498241701064224
269,4.891623889016283,5.456405997844631,-0.009185870015399259,-0.40649737067795816,0.7217856072961356,-0.06559406421075654
270,4.879472341539031,5.478460759296531,-0.009704278514859563,-0.4203805507285651,0.7141324480093733,-0.06619889570541679
271,4.866769381074464,5.500202451781882,-0.01024673447993711,-0.4340666798965054,0.7061320490387331,-0.06679643749161862
272,4.853523063641842,5.521617287293403,-0.010812936862559366,-0.44754707813053884,0.6977894836581521,-0.06738621658265241
273,4.839741789874546,5.542691685094868,-0.011402565725425372,-0.4608131957393478,0.6891100421516503,-0.06796776150380593
274,4.825434299697083,5.563412280334207,-0.012015282314405375,-0.47385661881298025,0.6800992284584533,-0.06854060288835219
275,4.810609666786911,5.583765932519705,-0.012650729153027096,-0.4866690745583502,0.6707627566825679,-0.06910427398589203
276,4.795277292824637,5.603739733853901,-0.013308530159416914,-0.4992424365456752,0.661106547468972,-0.069658311276757
277,4.7794469015361685,5.623321017419922,-0.013988290786741938,-0.5115687298622381,0.6511367242488049,-0.07020225503265223
278,4.763128532530615,5.642497365215032,-0.014689598186688572,-0.523640136170258,0.6408596093557819,-0.07073564990783743
279,4.746332534937856,5.661256616026326,-0.015412021398000993,-0.535448998665491,0.6302817200164109,-0.07125804560094169
280,4.729069560849781,5.679586873143548,-0.01615511155784646,-0.5469878269330244,0.6194097642164605,-0.07176899733448976
281,4.711350558569398,5.697476511904146,-0.016918402137911962,-0.5582493016978285,0.6082506364466094,-0.07226806661194354
282,4.693186770283111,5.714914187205091,-0.017705110868535958,-0.5692258185284218,0.5968114162822952,-0.07293990486241453
283,4.674589765120379,5.731888839432765,-0.01851003160418882,-0.5799091589054182,0.5850993068195312,-0.0731786668633866
284,4.655571373348599,5.748389701039287,-0.01932902195912327,-0.5902944174631558,0.5731217092167994,-0.07364338582649406
285,4.636143632897959,5.764406307678924,-0.020165427366355806,-0.6003756505965033,0.5608863740614562,-0.07404941947829087
286,4.616318826307938,5.7799285051832525,-0.021019309183371925,-0.6101467756280036,0.548401062842811,-0.07451720631567312
287,4.5961094875995805,5.794946452059145,-0.02189196807327104,-0.6196012241701678,0.5356736459968046,-0.07498827312244066
288,4.575528417583726,5.8094506243851525,-0.022782328717284746,-0.6287323724005712,0.5227121344898298,-0.07540229402140235
289,4.554588670614921,5.823431822239638,-0.02368876454013244,-0.6375342008090447,0.5095247185246364,-0.07579203206414019
290,4.53330353248503,5.836881177261385,-0.02461029554481161,-0.6460011166502935,0.49611978546647334,-0.07615705311297626
291,4.511686506113599,5.8497901594815325,-0.025546243576989217,-0.6541278373579552,0.4825058674126375,-0.07651288343906201
292,4.489751302032319,5.862150582564767,-0.02649609623081236,-0.6619092544422556,0.4686916138699668,-0.07685228419525317
293,4.46751183123809,5.873954608357254,-0.02745925054994092,-0.6693404585557233,0.45468578471279625,-0.07717796670433288
294,4.4449821971667784,5.885194751418196,-0.028435080766190432,-0.6764167383250306,0.4404972559429342,-0.07748607905130053
295,4.422176687278517,5.895863883668808,-0.029422910536273664,-0.6831336068537341,0.4261350199536061,-0.07777794439601908
296,4.399109764047141,5.905955238984993,-0.03042205933978135,-0.6894868004334672,0.41160818231612184,-0.07805203072252298
297,4.37579605586603,5.915462417587877,-0.03143182497460079,-0.6954722879649229,0.39692595499222244,-0.0783087859616071
298,4.352250347726268,5.924379390166124,-0.032451499576848356,-0.7010862708505851,0.3820976496494467,-0.07854747909392906
299,4.328487571831393,5.9327005017272265,-0.03348036254858369,-0.7063251876991252,0.3671326708354934,-0.07876820443599612
300,4.304522820072529,5.940420475650185,-0.03453549385673905,-0.7111835183571776,0.3520404952910744,-0.07986089591492991
301,4.280371553422522,5.947534408445987,-0.035615822525928625,-0.7156494482603785,0.336830334542449,-0.08002807248770726
302,4.256049573810121,5.954037762953975,-0.03669158612959506,-0.7197195111970491,0.32151135966428274,-0.07963264263877234
303,4.231572641211413,5.959926389582438,-0.03774958155425945,-0.7233982491885528,0.30609375175767006,-0.07913966353760525
304,4.206956279482067,5.965196555047675,-0.03879221709782343,-0.7266919643825074,0.2905881130598502,-0.0788646485837515
305,4.182215804630339,5.96984494328363,-0.03983031735565989,-0.7296042293949698,0.27500468043250487,-0.07891289925122907
306,4.157366476270329,5.973868637913582,-0.0408754776651025,-0.7321342446177501,0.2593531950699409,-0.07921765116405989
307,4.132424131702404,5.97726529657122,-0.04230869830492517,-0.7342311924175398,0.24365166156527154,-0.09831591577023148
308,4.107409554606353,5.9800326381955236,-0.04386850281087293,-0.7357381243057756,0.22788664741857706,-0.08554684447031455
309,4.08234490148023,5.98216822948982,-0.04489661167120956,-0.7367677348792175,0.21206524306047134,-0.07173113348967573
310,4.057245432519492,5.983670435152442,-0.045494720447053126,-0.7375053773758464,0.19621836127975717,-0.0640468402456595
311,4.032120366111454,5.984538785212369,-0.04598193096271373,-0.738054427424635,0.1803726695668217,-0.06618622048052902
312,4.006977284496505,5.984773492123131,-0.046655820105374404,-0.7383946518724239,0.16453558283656547,-0.07338077159566242
313,3.9818262917508918,5.984374834095437,-0.04761674340192181,-0.7384323270330683,0.14870345480224414,-0.08053792817486605
314,3.9566815628450414,5.983342983131392,-0.048826032064894165,-0.7380661816410832,0.13287498974425593,-0.08579903991690987
315,3.9315608805384725,5.9816782108522215,-0.050185674043947935,-0.7372207428862608,0.117056652464527,-0.08805559397893656
316,3.9064842416327084,5.979381158474432,-0.051571998625153236,-0.7358623561985139,0.10126058065905148,-0.08713317002448649
317,3.8814720911052487,5.976453005307142,-0.0528789811736532,-0.7340011814016535,0.08550154371425925,-0.08408849234366941
318,3.856543802317157,5.972895529858402,-0.05405404950451606,-0.7316773531101811,0.0697946038252544,-0.08053745914263208
319,3.831716908753088,5.968711086340588,-0.05510614469571308,-0.7289389483564053,0.05415329579006726,-0.07793983536037664
320,3.8070072153456427,5.963902524205729,-0.05609169507804053,-0.7258213967525433,0.03858867587125429,-0.07721021869915395
321,3.782429559320708,5.958473065539554,-0.057059043052360287,-0.7223381519714746,0.023108323379250756,-0.07702971495999272
322,3.757998452181849,5.952426206745291,-0.0579923713981056,-0.7184959961261218,0.007718585120392642,-0.07550923727043073
323,3.733727966202244,5.945765780109167,-0.058906479045290866,-0.7143082214712548,-0.0075701948273347525,-0.07606868003199072
324,3.709631969667682,5.938496038178839,-0.05985510803004902,-0.7097693348097726,-0.022747499047225422,-0.07723530414907592
325,3.685724818747232,5.930621608746794,-0.06084687565385653,-0.7048632145090209,-0.03780493381326106,-0.07822561198445835
326,3.6620215132763576,5.922147448311938,-0.061868684484519564,-0.6995751372063381,-0.05273437811687133,-0.0787373644918509
327,3.6385375252298644,5.913078857981778,-0.06290207272723541,-0.6938965503049612,-0.06752669651394516,-0.07880458258710059
328,3.615288540923826,5.9034215178278195,-0.06393350262667284,-0.6878249863390086,-0.08217208818048757,-0.07863944732792885
329,3.5922902453035372,5.893181497520719,-0.06494100221510515,-0.6813635029945827,-0.09666083493438227,-0.07760806703684454
330,3.5695579548583525,5.882365240873667,-0.065861643306311,-0.6745299968821512,-0.11098377232519088,-0.07429652246660651
331,3.547105785812144,5.870979626088471,-0.06667271817627665,-0.6673641035169944,-0.12512848619166733,-0.072129755974835
332,3.524946433798266,5.859032050573641,-0.06748291233765133,-0.6598890966637702,-0.13908197304375705,-0.07425248703705643
333,3.503092602538153,5.846530303580651,-0.0683860064180936,-0.6520822131096338,-0.15283762322726027,-0.07677475192821454
334,3.4815582361797994,5.833482332872695,-0.06933895148498087,-0.6439126557159287,-0.16639356834100466,-0.07674503635930673
335,3.4603579951112757,5.819896233031935,-0.07025551863180235,-0.6353780854854929,-0.1797441300275466,-0.07495585592492453
336,3.439506131080164,5.8057804575753496,-0.07112400341499132,-0.6264966618253747,-0.1928773351886605,-0.07434091817768061
337,3.4190162734773337,5.791143932330193,-0.0719695447250157,-0.6172790608417984,-0.20578170372267243,-0.07380868226669669
338,3.3989017164274045,5.775995975922097,-0.07278746826676175,-0.6077332181731316,-0.2184489499491912,-0.07296002976376367
339,3.3791753781197666,5.760346223557866,-0.07357104802469677,-0.5978701233749406,-0.2308715192005243,-0.07209149307614544
340,3.359849714703192,5.74420462115921,-0.07432370372791423,-0.5877012594533341,-0.2430414751759362,-0.07141382702788582
341,3.3409367649807824,5.7275814298379615,-0.07505379976669768,-0.5772357030853419,-0.25495101922123825,-0.07096350985444466
342,3.3224482669651194,5.710487212974125,-0.07576853374511852,-0.5664794889477579,-0.2665928340855299,-0.07064572400975404
343,3.304395760224227,5.692932819006135,-0.07647049666258104,-0.5554367906352435,-0.2779599646220881,-0.07032495680653011
344,3.286790624223877,5.674929372344684,-0.07715771699618805,-0.544111723634961,-0.28904554626531653,-0.06990859481697792
345,3.2696440515607073,5.6564882733292725,-0.07782590193202665,-0.5325096609269021,-0.29984263519671595,-0.06937318691810986
346,3.252966987199486,5.637621201304669,-0.07847133843311845,-0.5206375756049705,-0.3103442264188333,-0.06877117307963794
347,3.2367700737419183,5.618340113862587,-0.0790920595718644,-0.5085035043739918,-0.3205434200939347,-0.06813741880081824
348,3.2210636203839718,5.598657239660328,-0.07968748615344241,-0.49611599459727157,-0.33043356916200456,-0.06750644522123961
349,3.205857592386929,5.578585067251018,-0.08025810075557378,-0.483483629558166,-0.3400083311479646,-0.06689681982848654
350,3.1911616159792726,5.558136332982295,-0.08080477067479579,-0.47061475367830635,-0.34926166099583983,-0.0663092110757709
351,3.1769849893008577,5.53732400975622,-0.08132822503279871,-0.45751743568667613,-0.3581877756831229,-0.06573604176753327
352,3.1633366911112017,5.516161297422532,-0.08182832279046191,-0.4441996304931779,-0.36678110667709873,-0.06514138105878434
353,3.1502253776034257,5.49466161507691,-0.08230423375344358,-0.4306695549371828,-0.37503625666724777,-0.06452670203345727
354,3.137659369653073,5.472838594648423,-0.08275527972708484,-0.4169357487882214,-0.38294798193039065,-0.06389813159176491
355,3.1256466413316337,5.450706074052145,-0.08318104607896054,-0.40300699617695845,-0.39051122816934497,-0.06326272094517806
356,3.1141948120500853,5.42827808886851,-0.08358135505333593,-0.38889223133136225,-0.39772116764122206,-0.06262526271674858
357,3.103311142045941,5.405568862941966,-0.08395615629561717,-0.37460047087621967,-0.404573215610415,-0.061987334340471906
358,3.0930025297268187,5.38259279863259,-0.08430541521994742,-0.36014078886719675,-0.4110630311971421,-0.06134814681919796
359,3.0832755092819473,5.359364467181039,-0.08462904918927855,-0.345522325371802,-0.41718651108186794,-0.06070608659051702
360,3.0741362476155953,5.335898599327263,-0.08492692085398125,-0.3307543082002554,-0.4229397834003603,-0.06006003158777602
361,3.065590540464702,5.312210076094967,-0.08519886647956323,-0.3158460697561642,-0.4283192057506772,-0.0594097846344819
362,3.0576438084334567,5.288313919508213,-0.08544501059256249,-0.3008070162065349,-0.4333213721360988,-0.05876995595863854
363,3.0503010976188074,5.2642252827066605,-0.08566628733585481,-0.2856464155728772,-0.43794313730596673,-0.058166416149134884
364,3.0435670884914403,5.239959439324441,-0.08586177161796003,-0.27037339906432356,-0.4421816119865236,-0.057480332899283046
365,3.0374460806803247,5.215531774448766,-0.08602935959679352,-0.25499795271571163,-0.44603410617356837,-0.05677160098554928
366,3.031941963289175,5.190957778321305,-0.08616915822227156,-0.23953047672078825,-0.4494980639634981,-0.05609086523151038
367,3.0270582126409313,5.166253037521979,-0.08628202233878254,-0.22398116247401742,-0.45257122862831217,-0.05542487553719697
368,3.0227979013514186,5.141433222339439,-0.08636822144191028,-0.20836004122168128,-0.45525166851556587,-0.054757614562348234
369,3.01916370062414,5.116514075089964,-0.08642776289414353,-0.19267716912939245,-0.45753771260596193,-0.05409199299247203
370,3.016157879655147,5.091511400744789,-0.08646145086856602,-0.17694253965266538,-0.4594279036848762,-0.05346494067181085
371,3.0137823151113268,5.066441056896832,-0.08647025568675451,-0.16116577515194289,-0.4609210690774278,-0.052847835180771366
372,3.0120385024258547,5.041318942149744,-0.08645417505919474,-0.14535637710127486,-0.46201632579378965,-0.05222066838439836
373,3.010927554246555,5.016160985731101,-0.086412679368361,-0.12952401716213605,-0.4627130227956653,-0.051577082017072035
374,3.010450190921489,4.990983138809004,-0.08634519902585297,-0.11367864141768619,-0.4630107138876114,-0.05092143580068425
375,3.0106067301232264,4.965801365999199,-0.08625143317605029,-0.09783042052243307,-0.4629091743930333,-0.05026280665234053
376,3.011397080239973,4.940631635943279,-0.08613142997491514,-0.08198962578268705,-0.4624084297010289,-0.04960956823406036
377,3.0128207388776027,4.91548991090648,-0.08598549962243916,-0.06616650825305816,-0.46150877481539954,-0.04896644908529824
378,3.0148767953237368,4.890392135889501,-0.0858140621070123,-0.050371225762474894,-0.4602107787232299,-0.048334210086517164
379,3.017563934784259,4.865354227793848,-0.08561751562143549,-0.0346138259813528,-0.45851527744248566,-0.04771100057780066
380,3.0208804424354434,4.840392064951526,-0.08539616865223999,-0.018904268509551396,-0.45642336309204107,-0.04709418590558228
381,3.0248242062380313,4.815521477059103,-0.08515023671325268,-0.003252460541269692,-0.45393637495414835,-0.04648175208821032
382,3.029392718414867,4.790758235381893,-0.08487987952964539,0.012331714589311281,-0.45105589513057553,-0.0458729236745816
383,3.0345830761144748,4.766118043050001,-0.08458524891650805,0.027838385953433988,-0.44778374835712575,-0.04526808061170929
384,3.040391981968215,4.741616525317724,-0.08426652559064426,0.04325770045900424,-0.44412200396491924,-0.04466828803825857
385,3.046815745103407,4.717269219741658,-0.0839239359788376,0.058579838933757594,-0.4400729778768532,-0.044074766314565895
386,3.0538502828845764,4.693091566302825,-0.0835577509038819,0.0737950352773417,-0.4356392333110068,-0.043488514880807405
387,3.061491123382934,4.669098897532783,-0.08316827419117968,0.0888935930667572,-0.43082357982372976,-0.04291018442723956
388,3.0697334085211088,4.645306428751282,-0.08275590679961722,0.10386590762004898,-0.4256290690930247,-0.042343980937795594
389,3.0785719198058272,4.6217292547389714,-0.08233684779958961,0.1187045909558361,-0.42005876118110375,-0.042575604003983594
390,3.088001310625925,4.598382323378584,-0.0819281160315076,0.13341068121944186,-0.4141169467599057,-0.042860342535073585
391,3.098016281038289,4.575280371159257,-0.08148065675105674,0.14798116853338442,-0.40780955436871524,-0.04063922838554174
392,3.108610910122799,4.552437969174578,-0.08095647378808535,0.16238872775085772,-0.4011389798477448,-0.03902415840904584
393,3.119778146761628,4.5298696302323,-0.08039140216850399,0.17660899024020574,-0.3941061303719657,-0.038594795555043734
394,3.1315102530538628,4.5075897631481805,-0.07980699099669643,0.19063105702197908,-0.3867152255124168,-0.03805718079773549
395,3.143799120476096,4.485612571475642,-0.07919936785946137,0.20444563584562617,-0.3789721769407274,-0.037434197283669965
396,3.1566362390184066,4.463952030630366,-0.0785640179729906,0.21804190207806287,-0.37088247663649343,-0.03667084333595066
397,3.170012636069536,4.442621910322757,-0.07790263612201026,0.23140795680752044,-0.3624509497034508,-0.03613259905819086
398,3.183918934027329,4.421635790777133,-0.07724594928053863,0.24453735444789074,-0.3536823927752288,-0.036905593811385744
399,3.198345434202071,4.401006873432404,-0.07635979763662401,0.25740309657204036,-0.3445896180477348,-0.024659358936041004
400,3.213279745129535,4.380748591796077,-0.0757256761566722,0.2699445430124709,-0.3351517706189662,-0.049507102009526176
401,3.2287130476145633,4.3608740911636605,-0.07553295829237763,0.282381798638026,-0.32540269788660464,-0.04672953971890374
402,3.24464237055754,4.341395286517971,-0.07517566450157226,0.2947348408745593,-0.3153661343979312,-0.04127830568398484
403,3.2610628252251312,4.322323779771597,-0.07459678049643677,0.3069238904101047,-0.3050366685225011,-0.03565002900239884
404,3.277966119818878,4.303671483495482,-0.07381888507828972,0.31886381203036573,-0.2944045746704154,-0.03132773503340676
405,3.295340854894101,4.285450509541071,-0.07290751274537405,0.33048719239655705,-0.28346982914031105,-0.028976183263966986
406,3.3131734969699855,4.267672830200878,-0.07194189562174638,0.3417556555240553,-0.27223949916220636,-0.028615495497807484
407,3.331449589735195,4.250350059285464,-0.07099104150679955,0.35266077139042584,-0.2607243884071438,-0.029714333698009205
408,3.3501548235156733,4.233493354696324,-0.07009644754358632,0.36321649263921024,-0.2489363555021148,-0.03142850308448747
409,3.3692756904490495,4.217113411735015,-0.06926632959955087,0.3734467610799568,-0.23688651662411248,-0.03293813465689791
410,3.388799630621024,4.201220511569493,-0.06848251067435718,0.38337328639678225,-0.2245843426800296,-0.033743454026575546
411,3.4087147680350194,4.185824588918173,-0.06771469605923136,0.3930077501120043,-0.21203763197936576,-0.0337383501602903
412,3.42900903165647,4.170935158783681,-0.06662584932991085,0.4023083848152012,-0.1992582155920579,-0.017691848316841716
413,3.4496661260239687,4.156561920189367,-0.06556087465740648,0.41115092607732473,-0.1862280597837006,-0.03493195300109814
414,3.470670542023301,4.142714571688234,-0.06518102553325915,0.41971998033526275,-0.17296656955255388,-0.051948125734693845
415,3.492015987077846,4.129401539311647,-0.06491478753280591,0.4282099870485235,-0.1595127040186472,-0.04061250918580327
416,3.513697793340525,4.116630266990512,-0.06409874080690878,0.43650158946575346,-0.1458761777605404,-0.024457689462498815
417,3.535703621428292,4.104408495113477,-0.06290612737391256,0.44438610931931216,-0.1320360129699922,-0.021784173830849424
418,3.5580154373107726,4.092744538620474,-0.06174290566796604,0.45180297650689705,-0.11798543291038606,-0.025927275814983445
419,3.580615267855134,4.081646455400254,-0.06073167390451138,0.4587969929279652,-0.10374286820634321,-0.029383670955442445
420,3.6034872558860807,4.071121467088417,-0.05980496457911979,0.4654165154470789,-0.08933093167455153,-0.03015339771813628
421,3.6266168275385526,4.06117607038769,-0.058883290996546656,0.4716765481403755,-0.07476321726604725,-0.029635458096365506
422,3.6499895281596677,4.0518163605558595,-0.057941294407562856,0.4775716477512367,-0.06004641928704182,-0.02913724739760311
423,3.673590595563288,4.043048183708973,-0.056985267152232594,0.483093987896666,-0.04518642329541425,-0.02893392477904268
424,3.697405020271692,4.0348771107624115,-0.05602341719695696,0.48823915805514595,-0.03019111049121797,-0.028846112400334144
425,3.7214176628692996,4.027308364333221,-0.055057695618829484,0.49300465491958156,-0.015069990831633856,-0.028740343636450658
426,3.7456132884912403,4.020346775747185,-0.05408723672292125,0.49738802150850175,0.00016689145343524715,-0.028609246511295563
427,3.76997655787504,4.013996775329679,-0.0531116471118706,0.5013865264087661,0.015509528810947913,-0.028483807879330938
428,3.79449202289165,4.008262395432212,-0.05213144403791386,0.5049975184934803,0.030948026872240415,-0.028378573365990697
429,3.819144135229572,4.003147273443451,-0.05114739908479006,0.5082186567965914,0.046472531028957695,-0.02829171392097727
430,3.843917260681028,3.998654652458066,-0.05016110272061377,0.5110480421763924,0.06207317851750724,-0.02826600281336675
431,3.8687957018967265,3.9947873796753095,-0.04917210497268517,0.5134842805452005,0.07774004415249833,-0.02815664473336159
432,3.893763694358711,3.991547905343798,-0.04817949689242436,0.5155253769115047,0.09346320706305092,-0.02808548619675632
433,3.918805397016379,3.9889382834075837,-0.047184944796391605,0.5171696715904573,0.10923276464162264,-0.028059443944764447
434,3.9439049161875834,3.9869601700724546,-0.046189745198984326,0.5184161680238091,0.12503873388215261,-0.02805311112802991
435,3.9690463268834497,3.985614820800206,-0.04519443752324008,0.5192642468826588,0.1408710630090608,-0.028054040027916505
436,3.9942136832853716,3.984903088790617,-0.04419933770713289,0.5197134710889362,0.1567196914094031,-0.02806350410988242
437,4.019391025434933,3.9848254250315516,-0.04320486889708672,0.5197635778944164,0.17257456881665953,-0.028085590330967625
438,4.044562387223412,3.985381878589743,-0.04221157048323203,0.5194145302947527,0.18842564914944998,-0.02812202391945628
439,4.069711806111212,3.986572096688263,-0.041220015243662346,0.5186665459734422,0.2042628862626019,-0.028172749045218406
440,4.09482333343265,3.9883953247926915,-0.040230767907569756,0.5175201003934028,0.2200762385003466,-0.028237419093310352
441,4.1198810446269425,3.9908504069620294,-0.03924438388748143,0.5159759226995758,0.23585567726480705,-0.028315914845432305
442,4.144869049332096,3.993935786536269,-0.038261416446624355,0.5140349935240365,0.25159119525764073,-0.0284082480548724
443,4.1697715014342975,3.9976495071278664,-0.03728241914870148,0.5116985446416948,0.2672728134472531,-0.02851442199214171
444,4.194572609109099,4.001989213878107,-0.036307944948933586,0.5089680586787894,0.2828905873546618,-0.028634402962622228
445,4.219256644840225,4.006952154962056,-0.03533854513202145,0.5058452682758576,0.29843461319653325,-0.028768141134929183
446,4.243807955396904,4.012535183339752,-0.03437476895604708,0.5023321548983949,0.3138950340525376,-0.028915585009511344
447,4.268210971760445,4.018734758754484,-0.03341716359968922,0.4984309475085123,0.3292620460514406,-0.02907668211575331
448,4.292450218995729,4.025546949978411,-0.03246627405991113,0.4941441211356941,0.34452590455127907,-0.0292513758385007
449,4.316510326062911,4.032967437305016,-0.031522642951651594,0.4894743953111055,0.3596769303014919,-0.029439603691681186
450,4.340376035563332,4.0409915152874945,-0.0305868102747747,0.484424732340229,0.3747055155774145,-0.02964129740763239
451,4.364032213413038,4.049614095721771,-0.029659313188319762,0.47899833541256115,0.3896021302765198,-0.029856383212779006
452,4.387463858437542,4.058829710872405,-0.028740685795118476,0.47319864655407035,0.4043573279665826,-0.030084782070314925
453,4.410656111881621,4.068632516939322,-0.027831458929657316,0.4670293444276603,0.4189617518788362,-0.03032640959978536
454,4.433594267058719,4.079016297812222,-0.026932332089681738,0.46049436496919677,0.4334061429907077,-0.030589783344594088
455,4.4562637810934564,4.089974468991064,-0.02604392613217071,0.45359795749296933,0.44768134100083296,-0.030862453723012315
456,4.47865028463985,4.101500081452252,-0.025165999777855552,0.4463444917505407,0.46177828149412786,-0.031113763504388083
457,4.5007395808448045,4.113585826316018,-0.02429895229332554,0.4387382652157768,0.47568803501427864,-0.031406397212269586
458,4.522517652789409,4.126224040093601,-0.023444032856322943,0.4307840335320433,0.48940179922522636,-0.03172016588075899
459,4.543970682207421,4.139406709137419,-0.022601888201012346,0.42248693353901273,0.5029108694823434,-0.03204513629686924
460,4.565085060919722,4.153125474073849,-0.02177291400202557,0.4138523160037988,0.5162066644984213,-0.032378688696950354
461,4.585847398072493,4.167371635195528,-0.020957490650361312,0.40488569535084895,0.5292807488811524,-0.03272267866299484
462,4.606244526879718,4.182136158343783,-0.02015606512473913,0.39559276490062134,0.5421248353490152,-0.03307857999905413
463,4.626263512216642,4.197409680800367,-0.019369119982055972,0.3859794166831218,0.5547307831405054,-0.03344669780994619
464,4.645891658714271,4.213182517190394,-0.018597140034216912,0.3760517465302393,0.5670906001608637,-0.033826839741259176
465,4.665116518858569,4.229444665538069,-0.01784060171033426,0.3658160507266141,0.5791964484435329,-0.03421877900776665
466,4.68392590090998,4.246185813555422,-0.017099973473711172,0.355278821109078,0.5910406503250211,-0.03462234410423727
467,4.702307876635625,4.263395345166863,-0.016375717202292528,0.34444674066406816,0.6026156940594979,-0.035037377267988924
468,4.720250788871779,4.281062347245753,-0.015668288219223628,0.33332667935530996,0.6139142388064095,-0.03546370852172432
469,4.737743258917258,4.299175616543321,-0.014978134813899709,0.3219256898080688,0.6249291192612049,-0.035901156155237944
470,4.754774193750323,4.317723666799426,-0.0143056978818061,0.3102510028088043,0.6356533501166789,-0.036349532183240066
471,4.771332793063042,4.336694736029741,-0.013651410702171088,0.29831002268840484,0.6460801304221834,-0.03680864377816776
472,4.787408556109279,4.356076793985478,-0.013015698723264257,0.2861103226200442,0.6562028478517635,-0.037278292219649095
473,4.802991288362792,4.375857549781901,-0.012398979302479763,0.2736596398251811,0.6660150828754716,-0.03775827168428444
474,4.818071107981541,4.396024459691558,-0.01180166141775045,0.26096587067566523,0.6755106128237542,-0.03824836902240826
475,4.832638462137203,4.416564735700675,-0.011231801533337816,0.24803807166726521,0.6846834404141103,-0.039131171700118234
476,4.846684035882981,4.43746531577829,-0.010539447950699245,0.23486871024254302,0.6935259703067083,-0.03212368411111146
477,4.860197162630004,4.458712947937758,-0.01000383275689733,0.22142590197825884,0.7020360270221058,-0.04696809114195111
478,4.873168988293835,4.480294202680555,-0.009394368012231352,0.2077987118145037,0.7102072044082247,-0.02843120656790814
479,4.88559016362605,4.502195443271828,-0.008977301775254796,0.19390587393047792,0.7180352923145907,-0.056588016526422306
480,4.897454220176302,4.524402946196639,-0.008901784496577685,0.17996499261112875,0.7255201702557711,-0.0455086544828803
481,4.908758920710543,4.546902689803032,-0.008446342401843759,0.16591311166232747,0.7326475555689741,-0.03759177572358177
482,4.919497325500051,4.569680459913319,-0.00784651034067719,0.15164066453930888,0.7394216319829112,-0.0382891561612481
483,4.929660250574391,4.592722055527238,-0.007341571932894956,0.13714520580808345,0.7458388583994958,-0.04233645839279842
484,4.939239768854677,4.616012670233213,-0.00698640552533423,0.12247995985655401,0.7518725826924597,-0.04577775617232357
485,4.948230277593244,4.639536111674679,-0.006817941146610058,0.1077067322059283,0.757480162604939,-0.05167155983462603
486,4.956628671917924,4.663274275178065,-0.006552152482976737,0.09286773304865906,0.7626087487236918,-0.04091154192686612
487,4.964430484520424,4.687207279447339,-0.0060253062987622,0.07786051459670236,0.7672223464575043,-0.03861868380556535
488,4.971627999684085,4.711315392749446,-0.00569492424697456,0.06266544966944629,0.7713641981193773,-0.050734748548210876
489,4.978216112755284,4.735583782179163,-0.005645801149550693,0.04740853856252799,0.7752360945323903,-0.05268163152375393
490,4.984193456004037,4.760011255424294,-0.005419673459814336,0.03211556752195909,0.7793184559590063,-0.04188451893258649
491,4.989555004420377,4.784622673538742,-0.003782537556097019,0.016527463635452905,0.784433780047572,0.017868779175293868
492,4.994277131138517,4.809479397756825,-0.0020832788373947343,0.00014069068614718948,0.7915838646265858,-0.03877837818333806
493,4.998336921390458,4.834671939016623,-0.0030374797156209423,-0.01641458964659036,0.801224437207022,-0.11480420067113037
494,5.001747418212909,4.86026689459252,-0.005020309719417257,-0.0322557304590524,0.8117040118040615,-0.09020983446184325
495,5.004538458748868,4.886176909482665,-0.0071780784428868896,-0.04737985348327249,0.8169767987206106,-0.12355113665479626
496,5.006742326447668,4.91193823568791,-0.01057516274102595,-0.06155123383546063,0.8042682649321197,-0.1521756131953144
497,5.008402135467244,4.936439403637977,-0.017366737044981557,-0.07442998400151199,0.7539652162599733,-0.293275636945623
498,5.009579541550921,4.957781195187919,-0.026607153408636352,-0.0856463591035925,0.6462946385756945,-0.27461771618027364
499,5.010325743600813,4.973665605182409,-0.03472164518943074,-0.09614325025666799,0.4810959642577734,-0.23697940780260263
500,5.0106848530112025,4.982938925205138,-0.04053037860347077,-0.10508562362581617,0.31574051892245414,-0.15932979784255671
